name,type,direction,description
feat_0000,float,,Feature 0 of the GROVER embedding
feat_0001,float,,Feature 1 of the GROVER embedding
feat_0002,float,,Feature 2 of the GROVER embedding
feat_0003,float,,Feature 3 of the GROVER embedding
feat_0004,float,,Feature 4 of the GROVER embedding
feat_0005,float,,Feature 5 of the GROVER embedding
feat_0006,float,,Feature 6 of the GROVER embedding
feat_0007,float,,Feature 7 of the GROVER embedding
feat_0008,float,,Feature 8 of the GROVER embedding
feat_0009,float,,Feature 9 of the GROVER embedding
feat_0010,float,,Feature 10 of the GROVER embedding
feat_0011,float,,Feature 11 of the GROVER embedding
feat_0012,float,,Feature 12 of the GROVER embedding
feat_0013,float,,Feature 13 of the GROVER embedding
feat_0014,float,,Feature 14 of the GROVER embedding
feat_0015,float,,Feature 15 of the GROVER embedding
feat_0016,float,,Feature 16 of the GROVER embedding
feat_0017,float,,Feature 17 of the GROVER embedding
feat_0018,float,,Feature 18 of the GROVER embedding
feat_0019,float,,Feature 19 of the GROVER embedding
feat_0020,float,,Feature 20 of the GROVER embedding
feat_0021,float,,Feature 21 of the GROVER embedding
feat_0022,float,,Feature 22 of the GROVER embedding
feat_0023,float,,Feature 23 of the GROVER embedding
feat_0024,float,,Feature 24 of the GROVER embedding
feat_0025,float,,Feature 25 of the GROVER embedding
feat_0026,float,,Feature 26 of the GROVER embedding
feat_0027,float,,Feature 27 of the GROVER embedding
feat_0028,float,,Feature 28 of the GROVER embedding
feat_0029,float,,Feature 29 of the GROVER embedding
feat_0030,float,,Feature 30 of the GROVER embedding
feat_0031,float,,Feature 31 of the GROVER embedding
feat_0032,float,,Feature 32 of the GROVER embedding
feat_0033,float,,Feature 33 of the GROVER embedding
feat_0034,float,,Feature 34 of the GROVER embedding
feat_0035,float,,Feature 35 of the GROVER embedding
feat_0036,float,,Feature 36 of the GROVER embedding
feat_0037,float,,Feature 37 of the GROVER embedding
feat_0038,float,,Feature 38 of the GROVER embedding
feat_0039,float,,Feature 39 of the GROVER embedding
feat_0040,float,,Feature 40 of the GROVER embedding
feat_0041,float,,Feature 41 of the GROVER embedding
feat_0042,float,,Feature 42 of the GROVER embedding
feat_0043,float,,Feature 43 of the GROVER embedding
feat_0044,float,,Feature 44 of the GROVER embedding
feat_0045,float,,Feature 45 of the GROVER embedding
feat_0046,float,,Feature 46 of the GROVER embedding
feat_0047,float,,Feature 47 of the GROVER embedding
feat_0048,float,,Feature 48 of the GROVER embedding
feat_0049,float,,Feature 49 of the GROVER embedding
feat_0050,float,,Feature 50 of the GROVER embedding
feat_0051,float,,Feature 51 of the GROVER embedding
feat_0052,float,,Feature 52 of the GROVER embedding
feat_0053,float,,Feature 53 of the GROVER embedding
feat_0054,float,,Feature 54 of the GROVER embedding
feat_0055,float,,Feature 55 of the GROVER embedding
feat_0056,float,,Feature 56 of the GROVER embedding
feat_0057,float,,Feature 57 of the GROVER embedding
feat_0058,float,,Feature 58 of the GROVER embedding
feat_0059,float,,Feature 59 of the GROVER embedding
feat_0060,float,,Feature 60 of the GROVER embedding
feat_0061,float,,Feature 61 of the GROVER embedding
feat_0062,float,,Feature 62 of the GROVER embedding
feat_0063,float,,Feature 63 of the GROVER embedding
feat_0064,float,,Feature 64 of the GROVER embedding
feat_0065,float,,Feature 65 of the GROVER embedding
feat_0066,float,,Feature 66 of the GROVER embedding
feat_0067,float,,Feature 67 of the GROVER embedding
feat_0068,float,,Feature 68 of the GROVER embedding
feat_0069,float,,Feature 69 of the GROVER embedding
feat_0070,float,,Feature 70 of the GROVER embedding
feat_0071,float,,Feature 71 of the GROVER embedding
feat_0072,float,,Feature 72 of the GROVER embedding
feat_0073,float,,Feature 73 of the GROVER embedding
feat_0074,float,,Feature 74 of the GROVER embedding
feat_0075,float,,Feature 75 of the GROVER embedding
feat_0076,float,,Feature 76 of the GROVER embedding
feat_0077,float,,Feature 77 of the GROVER embedding
feat_0078,float,,Feature 78 of the GROVER embedding
feat_0079,float,,Feature 79 of the GROVER embedding
feat_0080,float,,Feature 80 of the GROVER embedding
feat_0081,float,,Feature 81 of the GROVER embedding
feat_0082,float,,Feature 82 of the GROVER embedding
feat_0083,float,,Feature 83 of the GROVER embedding
feat_0084,float,,Feature 84 of the GROVER embedding
feat_0085,float,,Feature 85 of the GROVER embedding
feat_0086,float,,Feature 86 of the GROVER embedding
feat_0087,float,,Feature 87 of the GROVER embedding
feat_0088,float,,Feature 88 of the GROVER embedding
feat_0089,float,,Feature 89 of the GROVER embedding
feat_0090,float,,Feature 90 of the GROVER embedding
feat_0091,float,,Feature 91 of the GROVER embedding
feat_0092,float,,Feature 92 of the GROVER embedding
feat_0093,float,,Feature 93 of the GROVER embedding
feat_0094,float,,Feature 94 of the GROVER embedding
feat_0095,float,,Feature 95 of the GROVER embedding
feat_0096,float,,Feature 96 of the GROVER embedding
feat_0097,float,,Feature 97 of the GROVER embedding
feat_0098,float,,Feature 98 of the GROVER embedding
feat_0099,float,,Feature 99 of the GROVER embedding
feat_0100,float,,Feature 100 of the GROVER embedding
feat_0101,float,,Feature 101 of the GROVER embedding
feat_0102,float,,Feature 102 of the GROVER embedding
feat_0103,float,,Feature 103 of the GROVER embedding
feat_0104,float,,Feature 104 of the GROVER embedding
feat_0105,float,,Feature 105 of the GROVER embedding
feat_0106,float,,Feature 106 of the GROVER embedding
feat_0107,float,,Feature 107 of the GROVER embedding
feat_0108,float,,Feature 108 of the GROVER embedding
feat_0109,float,,Feature 109 of the GROVER embedding
feat_0110,float,,Feature 110 of the GROVER embedding
feat_0111,float,,Feature 111 of the GROVER embedding
feat_0112,float,,Feature 112 of the GROVER embedding
feat_0113,float,,Feature 113 of the GROVER embedding
feat_0114,float,,Feature 114 of the GROVER embedding
feat_0115,float,,Feature 115 of the GROVER embedding
feat_0116,float,,Feature 116 of the GROVER embedding
feat_0117,float,,Feature 117 of the GROVER embedding
feat_0118,float,,Feature 118 of the GROVER embedding
feat_0119,float,,Feature 119 of the GROVER embedding
feat_0120,float,,Feature 120 of the GROVER embedding
feat_0121,float,,Feature 121 of the GROVER embedding
feat_0122,float,,Feature 122 of the GROVER embedding
feat_0123,float,,Feature 123 of the GROVER embedding
feat_0124,float,,Feature 124 of the GROVER embedding
feat_0125,float,,Feature 125 of the GROVER embedding
feat_0126,float,,Feature 126 of the GROVER embedding
feat_0127,float,,Feature 127 of the GROVER embedding
feat_0128,float,,Feature 128 of the GROVER embedding
feat_0129,float,,Feature 129 of the GROVER embedding
feat_0130,float,,Feature 130 of the GROVER embedding
feat_0131,float,,Feature 131 of the GROVER embedding
feat_0132,float,,Feature 132 of the GROVER embedding
feat_0133,float,,Feature 133 of the GROVER embedding
feat_0134,float,,Feature 134 of the GROVER embedding
feat_0135,float,,Feature 135 of the GROVER embedding
feat_0136,float,,Feature 136 of the GROVER embedding
feat_0137,float,,Feature 137 of the GROVER embedding
feat_0138,float,,Feature 138 of the GROVER embedding
feat_0139,float,,Feature 139 of the GROVER embedding
feat_0140,float,,Feature 140 of the GROVER embedding
feat_0141,float,,Feature 141 of the GROVER embedding
feat_0142,float,,Feature 142 of the GROVER embedding
feat_0143,float,,Feature 143 of the GROVER embedding
feat_0144,float,,Feature 144 of the GROVER embedding
feat_0145,float,,Feature 145 of the GROVER embedding
feat_0146,float,,Feature 146 of the GROVER embedding
feat_0147,float,,Feature 147 of the GROVER embedding
feat_0148,float,,Feature 148 of the GROVER embedding
feat_0149,float,,Feature 149 of the GROVER embedding
feat_0150,float,,Feature 150 of the GROVER embedding
feat_0151,float,,Feature 151 of the GROVER embedding
feat_0152,float,,Feature 152 of the GROVER embedding
feat_0153,float,,Feature 153 of the GROVER embedding
feat_0154,float,,Feature 154 of the GROVER embedding
feat_0155,float,,Feature 155 of the GROVER embedding
feat_0156,float,,Feature 156 of the GROVER embedding
feat_0157,float,,Feature 157 of the GROVER embedding
feat_0158,float,,Feature 158 of the GROVER embedding
feat_0159,float,,Feature 159 of the GROVER embedding
feat_0160,float,,Feature 160 of the GROVER embedding
feat_0161,float,,Feature 161 of the GROVER embedding
feat_0162,float,,Feature 162 of the GROVER embedding
feat_0163,float,,Feature 163 of the GROVER embedding
feat_0164,float,,Feature 164 of the GROVER embedding
feat_0165,float,,Feature 165 of the GROVER embedding
feat_0166,float,,Feature 166 of the GROVER embedding
feat_0167,float,,Feature 167 of the GROVER embedding
feat_0168,float,,Feature 168 of the GROVER embedding
feat_0169,float,,Feature 169 of the GROVER embedding
feat_0170,float,,Feature 170 of the GROVER embedding
feat_0171,float,,Feature 171 of the GROVER embedding
feat_0172,float,,Feature 172 of the GROVER embedding
feat_0173,float,,Feature 173 of the GROVER embedding
feat_0174,float,,Feature 174 of the GROVER embedding
feat_0175,float,,Feature 175 of the GROVER embedding
feat_0176,float,,Feature 176 of the GROVER embedding
feat_0177,float,,Feature 177 of the GROVER embedding
feat_0178,float,,Feature 178 of the GROVER embedding
feat_0179,float,,Feature 179 of the GROVER embedding
feat_0180,float,,Feature 180 of the GROVER embedding
feat_0181,float,,Feature 181 of the GROVER embedding
feat_0182,float,,Feature 182 of the GROVER embedding
feat_0183,float,,Feature 183 of the GROVER embedding
feat_0184,float,,Feature 184 of the GROVER embedding
feat_0185,float,,Feature 185 of the GROVER embedding
feat_0186,float,,Feature 186 of the GROVER embedding
feat_0187,float,,Feature 187 of the GROVER embedding
feat_0188,float,,Feature 188 of the GROVER embedding
feat_0189,float,,Feature 189 of the GROVER embedding
feat_0190,float,,Feature 190 of the GROVER embedding
feat_0191,float,,Feature 191 of the GROVER embedding
feat_0192,float,,Feature 192 of the GROVER embedding
feat_0193,float,,Feature 193 of the GROVER embedding
feat_0194,float,,Feature 194 of the GROVER embedding
feat_0195,float,,Feature 195 of the GROVER embedding
feat_0196,float,,Feature 196 of the GROVER embedding
feat_0197,float,,Feature 197 of the GROVER embedding
feat_0198,float,,Feature 198 of the GROVER embedding
feat_0199,float,,Feature 199 of the GROVER embedding
feat_0200,float,,Feature 200 of the GROVER embedding
feat_0201,float,,Feature 201 of the GROVER embedding
feat_0202,float,,Feature 202 of the GROVER embedding
feat_0203,float,,Feature 203 of the GROVER embedding
feat_0204,float,,Feature 204 of the GROVER embedding
feat_0205,float,,Feature 205 of the GROVER embedding
feat_0206,float,,Feature 206 of the GROVER embedding
feat_0207,float,,Feature 207 of the GROVER embedding
feat_0208,float,,Feature 208 of the GROVER embedding
feat_0209,float,,Feature 209 of the GROVER embedding
feat_0210,float,,Feature 210 of the GROVER embedding
feat_0211,float,,Feature 211 of the GROVER embedding
feat_0212,float,,Feature 212 of the GROVER embedding
feat_0213,float,,Feature 213 of the GROVER embedding
feat_0214,float,,Feature 214 of the GROVER embedding
feat_0215,float,,Feature 215 of the GROVER embedding
feat_0216,float,,Feature 216 of the GROVER embedding
feat_0217,float,,Feature 217 of the GROVER embedding
feat_0218,float,,Feature 218 of the GROVER embedding
feat_0219,float,,Feature 219 of the GROVER embedding
feat_0220,float,,Feature 220 of the GROVER embedding
feat_0221,float,,Feature 221 of the GROVER embedding
feat_0222,float,,Feature 222 of the GROVER embedding
feat_0223,float,,Feature 223 of the GROVER embedding
feat_0224,float,,Feature 224 of the GROVER embedding
feat_0225,float,,Feature 225 of the GROVER embedding
feat_0226,float,,Feature 226 of the GROVER embedding
feat_0227,float,,Feature 227 of the GROVER embedding
feat_0228,float,,Feature 228 of the GROVER embedding
feat_0229,float,,Feature 229 of the GROVER embedding
feat_0230,float,,Feature 230 of the GROVER embedding
feat_0231,float,,Feature 231 of the GROVER embedding
feat_0232,float,,Feature 232 of the GROVER embedding
feat_0233,float,,Feature 233 of the GROVER embedding
feat_0234,float,,Feature 234 of the GROVER embedding
feat_0235,float,,Feature 235 of the GROVER embedding
feat_0236,float,,Feature 236 of the GROVER embedding
feat_0237,float,,Feature 237 of the GROVER embedding
feat_0238,float,,Feature 238 of the GROVER embedding
feat_0239,float,,Feature 239 of the GROVER embedding
feat_0240,float,,Feature 240 of the GROVER embedding
feat_0241,float,,Feature 241 of the GROVER embedding
feat_0242,float,,Feature 242 of the GROVER embedding
feat_0243,float,,Feature 243 of the GROVER embedding
feat_0244,float,,Feature 244 of the GROVER embedding
feat_0245,float,,Feature 245 of the GROVER embedding
feat_0246,float,,Feature 246 of the GROVER embedding
feat_0247,float,,Feature 247 of the GROVER embedding
feat_0248,float,,Feature 248 of the GROVER embedding
feat_0249,float,,Feature 249 of the GROVER embedding
feat_0250,float,,Feature 250 of the GROVER embedding
feat_0251,float,,Feature 251 of the GROVER embedding
feat_0252,float,,Feature 252 of the GROVER embedding
feat_0253,float,,Feature 253 of the GROVER embedding
feat_0254,float,,Feature 254 of the GROVER embedding
feat_0255,float,,Feature 255 of the GROVER embedding
feat_0256,float,,Feature 256 of the GROVER embedding
feat_0257,float,,Feature 257 of the GROVER embedding
feat_0258,float,,Feature 258 of the GROVER embedding
feat_0259,float,,Feature 259 of the GROVER embedding
feat_0260,float,,Feature 260 of the GROVER embedding
feat_0261,float,,Feature 261 of the GROVER embedding
feat_0262,float,,Feature 262 of the GROVER embedding
feat_0263,float,,Feature 263 of the GROVER embedding
feat_0264,float,,Feature 264 of the GROVER embedding
feat_0265,float,,Feature 265 of the GROVER embedding
feat_0266,float,,Feature 266 of the GROVER embedding
feat_0267,float,,Feature 267 of the GROVER embedding
feat_0268,float,,Feature 268 of the GROVER embedding
feat_0269,float,,Feature 269 of the GROVER embedding
feat_0270,float,,Feature 270 of the GROVER embedding
feat_0271,float,,Feature 271 of the GROVER embedding
feat_0272,float,,Feature 272 of the GROVER embedding
feat_0273,float,,Feature 273 of the GROVER embedding
feat_0274,float,,Feature 274 of the GROVER embedding
feat_0275,float,,Feature 275 of the GROVER embedding
feat_0276,float,,Feature 276 of the GROVER embedding
feat_0277,float,,Feature 277 of the GROVER embedding
feat_0278,float,,Feature 278 of the GROVER embedding
feat_0279,float,,Feature 279 of the GROVER embedding
feat_0280,float,,Feature 280 of the GROVER embedding
feat_0281,float,,Feature 281 of the GROVER embedding
feat_0282,float,,Feature 282 of the GROVER embedding
feat_0283,float,,Feature 283 of the GROVER embedding
feat_0284,float,,Feature 284 of the GROVER embedding
feat_0285,float,,Feature 285 of the GROVER embedding
feat_0286,float,,Feature 286 of the GROVER embedding
feat_0287,float,,Feature 287 of the GROVER embedding
feat_0288,float,,Feature 288 of the GROVER embedding
feat_0289,float,,Feature 289 of the GROVER embedding
feat_0290,float,,Feature 290 of the GROVER embedding
feat_0291,float,,Feature 291 of the GROVER embedding
feat_0292,float,,Feature 292 of the GROVER embedding
feat_0293,float,,Feature 293 of the GROVER embedding
feat_0294,float,,Feature 294 of the GROVER embedding
feat_0295,float,,Feature 295 of the GROVER embedding
feat_0296,float,,Feature 296 of the GROVER embedding
feat_0297,float,,Feature 297 of the GROVER embedding
feat_0298,float,,Feature 298 of the GROVER embedding
feat_0299,float,,Feature 299 of the GROVER embedding
feat_0300,float,,Feature 300 of the GROVER embedding
feat_0301,float,,Feature 301 of the GROVER embedding
feat_0302,float,,Feature 302 of the GROVER embedding
feat_0303,float,,Feature 303 of the GROVER embedding
feat_0304,float,,Feature 304 of the GROVER embedding
feat_0305,float,,Feature 305 of the GROVER embedding
feat_0306,float,,Feature 306 of the GROVER embedding
feat_0307,float,,Feature 307 of the GROVER embedding
feat_0308,float,,Feature 308 of the GROVER embedding
feat_0309,float,,Feature 309 of the GROVER embedding
feat_0310,float,,Feature 310 of the GROVER embedding
feat_0311,float,,Feature 311 of the GROVER embedding
feat_0312,float,,Feature 312 of the GROVER embedding
feat_0313,float,,Feature 313 of the GROVER embedding
feat_0314,float,,Feature 314 of the GROVER embedding
feat_0315,float,,Feature 315 of the GROVER embedding
feat_0316,float,,Feature 316 of the GROVER embedding
feat_0317,float,,Feature 317 of the GROVER embedding
feat_0318,float,,Feature 318 of the GROVER embedding
feat_0319,float,,Feature 319 of the GROVER embedding
feat_0320,float,,Feature 320 of the GROVER embedding
feat_0321,float,,Feature 321 of the GROVER embedding
feat_0322,float,,Feature 322 of the GROVER embedding
feat_0323,float,,Feature 323 of the GROVER embedding
feat_0324,float,,Feature 324 of the GROVER embedding
feat_0325,float,,Feature 325 of the GROVER embedding
feat_0326,float,,Feature 326 of the GROVER embedding
feat_0327,float,,Feature 327 of the GROVER embedding
feat_0328,float,,Feature 328 of the GROVER embedding
feat_0329,float,,Feature 329 of the GROVER embedding
feat_0330,float,,Feature 330 of the GROVER embedding
feat_0331,float,,Feature 331 of the GROVER embedding
feat_0332,float,,Feature 332 of the GROVER embedding
feat_0333,float,,Feature 333 of the GROVER embedding
feat_0334,float,,Feature 334 of the GROVER embedding
feat_0335,float,,Feature 335 of the GROVER embedding
feat_0336,float,,Feature 336 of the GROVER embedding
feat_0337,float,,Feature 337 of the GROVER embedding
feat_0338,float,,Feature 338 of the GROVER embedding
feat_0339,float,,Feature 339 of the GROVER embedding
feat_0340,float,,Feature 340 of the GROVER embedding
feat_0341,float,,Feature 341 of the GROVER embedding
feat_0342,float,,Feature 342 of the GROVER embedding
feat_0343,float,,Feature 343 of the GROVER embedding
feat_0344,float,,Feature 344 of the GROVER embedding
feat_0345,float,,Feature 345 of the GROVER embedding
feat_0346,float,,Feature 346 of the GROVER embedding
feat_0347,float,,Feature 347 of the GROVER embedding
feat_0348,float,,Feature 348 of the GROVER embedding
feat_0349,float,,Feature 349 of the GROVER embedding
feat_0350,float,,Feature 350 of the GROVER embedding
feat_0351,float,,Feature 351 of the GROVER embedding
feat_0352,float,,Feature 352 of the GROVER embedding
feat_0353,float,,Feature 353 of the GROVER embedding
feat_0354,float,,Feature 354 of the GROVER embedding
feat_0355,float,,Feature 355 of the GROVER embedding
feat_0356,float,,Feature 356 of the GROVER embedding
feat_0357,float,,Feature 357 of the GROVER embedding
feat_0358,float,,Feature 358 of the GROVER embedding
feat_0359,float,,Feature 359 of the GROVER embedding
feat_0360,float,,Feature 360 of the GROVER embedding
feat_0361,float,,Feature 361 of the GROVER embedding
feat_0362,float,,Feature 362 of the GROVER embedding
feat_0363,float,,Feature 363 of the GROVER embedding
feat_0364,float,,Feature 364 of the GROVER embedding
feat_0365,float,,Feature 365 of the GROVER embedding
feat_0366,float,,Feature 366 of the GROVER embedding
feat_0367,float,,Feature 367 of the GROVER embedding
feat_0368,float,,Feature 368 of the GROVER embedding
feat_0369,float,,Feature 369 of the GROVER embedding
feat_0370,float,,Feature 370 of the GROVER embedding
feat_0371,float,,Feature 371 of the GROVER embedding
feat_0372,float,,Feature 372 of the GROVER embedding
feat_0373,float,,Feature 373 of the GROVER embedding
feat_0374,float,,Feature 374 of the GROVER embedding
feat_0375,float,,Feature 375 of the GROVER embedding
feat_0376,float,,Feature 376 of the GROVER embedding
feat_0377,float,,Feature 377 of the GROVER embedding
feat_0378,float,,Feature 378 of the GROVER embedding
feat_0379,float,,Feature 379 of the GROVER embedding
feat_0380,float,,Feature 380 of the GROVER embedding
feat_0381,float,,Feature 381 of the GROVER embedding
feat_0382,float,,Feature 382 of the GROVER embedding
feat_0383,float,,Feature 383 of the GROVER embedding
feat_0384,float,,Feature 384 of the GROVER embedding
feat_0385,float,,Feature 385 of the GROVER embedding
feat_0386,float,,Feature 386 of the GROVER embedding
feat_0387,float,,Feature 387 of the GROVER embedding
feat_0388,float,,Feature 388 of the GROVER embedding
feat_0389,float,,Feature 389 of the GROVER embedding
feat_0390,float,,Feature 390 of the GROVER embedding
feat_0391,float,,Feature 391 of the GROVER embedding
feat_0392,float,,Feature 392 of the GROVER embedding
feat_0393,float,,Feature 393 of the GROVER embedding
feat_0394,float,,Feature 394 of the GROVER embedding
feat_0395,float,,Feature 395 of the GROVER embedding
feat_0396,float,,Feature 396 of the GROVER embedding
feat_0397,float,,Feature 397 of the GROVER embedding
feat_0398,float,,Feature 398 of the GROVER embedding
feat_0399,float,,Feature 399 of the GROVER embedding
feat_0400,float,,Feature 400 of the GROVER embedding
feat_0401,float,,Feature 401 of the GROVER embedding
feat_0402,float,,Feature 402 of the GROVER embedding
feat_0403,float,,Feature 403 of the GROVER embedding
feat_0404,float,,Feature 404 of the GROVER embedding
feat_0405,float,,Feature 405 of the GROVER embedding
feat_0406,float,,Feature 406 of the GROVER embedding
feat_0407,float,,Feature 407 of the GROVER embedding
feat_0408,float,,Feature 408 of the GROVER embedding
feat_0409,float,,Feature 409 of the GROVER embedding
feat_0410,float,,Feature 410 of the GROVER embedding
feat_0411,float,,Feature 411 of the GROVER embedding
feat_0412,float,,Feature 412 of the GROVER embedding
feat_0413,float,,Feature 413 of the GROVER embedding
feat_0414,float,,Feature 414 of the GROVER embedding
feat_0415,float,,Feature 415 of the GROVER embedding
feat_0416,float,,Feature 416 of the GROVER embedding
feat_0417,float,,Feature 417 of the GROVER embedding
feat_0418,float,,Feature 418 of the GROVER embedding
feat_0419,float,,Feature 419 of the GROVER embedding
feat_0420,float,,Feature 420 of the GROVER embedding
feat_0421,float,,Feature 421 of the GROVER embedding
feat_0422,float,,Feature 422 of the GROVER embedding
feat_0423,float,,Feature 423 of the GROVER embedding
feat_0424,float,,Feature 424 of the GROVER embedding
feat_0425,float,,Feature 425 of the GROVER embedding
feat_0426,float,,Feature 426 of the GROVER embedding
feat_0427,float,,Feature 427 of the GROVER embedding
feat_0428,float,,Feature 428 of the GROVER embedding
feat_0429,float,,Feature 429 of the GROVER embedding
feat_0430,float,,Feature 430 of the GROVER embedding
feat_0431,float,,Feature 431 of the GROVER embedding
feat_0432,float,,Feature 432 of the GROVER embedding
feat_0433,float,,Feature 433 of the GROVER embedding
feat_0434,float,,Feature 434 of the GROVER embedding
feat_0435,float,,Feature 435 of the GROVER embedding
feat_0436,float,,Feature 436 of the GROVER embedding
feat_0437,float,,Feature 437 of the GROVER embedding
feat_0438,float,,Feature 438 of the GROVER embedding
feat_0439,float,,Feature 439 of the GROVER embedding
feat_0440,float,,Feature 440 of the GROVER embedding
feat_0441,float,,Feature 441 of the GROVER embedding
feat_0442,float,,Feature 442 of the GROVER embedding
feat_0443,float,,Feature 443 of the GROVER embedding
feat_0444,float,,Feature 444 of the GROVER embedding
feat_0445,float,,Feature 445 of the GROVER embedding
feat_0446,float,,Feature 446 of the GROVER embedding
feat_0447,float,,Feature 447 of the GROVER embedding
feat_0448,float,,Feature 448 of the GROVER embedding
feat_0449,float,,Feature 449 of the GROVER embedding
feat_0450,float,,Feature 450 of the GROVER embedding
feat_0451,float,,Feature 451 of the GROVER embedding
feat_0452,float,,Feature 452 of the GROVER embedding
feat_0453,float,,Feature 453 of the GROVER embedding
feat_0454,float,,Feature 454 of the GROVER embedding
feat_0455,float,,Feature 455 of the GROVER embedding
feat_0456,float,,Feature 456 of the GROVER embedding
feat_0457,float,,Feature 457 of the GROVER embedding
feat_0458,float,,Feature 458 of the GROVER embedding
feat_0459,float,,Feature 459 of the GROVER embedding
feat_0460,float,,Feature 460 of the GROVER embedding
feat_0461,float,,Feature 461 of the GROVER embedding
feat_0462,float,,Feature 462 of the GROVER embedding
feat_0463,float,,Feature 463 of the GROVER embedding
feat_0464,float,,Feature 464 of the GROVER embedding
feat_0465,float,,Feature 465 of the GROVER embedding
feat_0466,float,,Feature 466 of the GROVER embedding
feat_0467,float,,Feature 467 of the GROVER embedding
feat_0468,float,,Feature 468 of the GROVER embedding
feat_0469,float,,Feature 469 of the GROVER embedding
feat_0470,float,,Feature 470 of the GROVER embedding
feat_0471,float,,Feature 471 of the GROVER embedding
feat_0472,float,,Feature 472 of the GROVER embedding
feat_0473,float,,Feature 473 of the GROVER embedding
feat_0474,float,,Feature 474 of the GROVER embedding
feat_0475,float,,Feature 475 of the GROVER embedding
feat_0476,float,,Feature 476 of the GROVER embedding
feat_0477,float,,Feature 477 of the GROVER embedding
feat_0478,float,,Feature 478 of the GROVER embedding
feat_0479,float,,Feature 479 of the GROVER embedding
feat_0480,float,,Feature 480 of the GROVER embedding
feat_0481,float,,Feature 481 of the GROVER embedding
feat_0482,float,,Feature 482 of the GROVER embedding
feat_0483,float,,Feature 483 of the GROVER embedding
feat_0484,float,,Feature 484 of the GROVER embedding
feat_0485,float,,Feature 485 of the GROVER embedding
feat_0486,float,,Feature 486 of the GROVER embedding
feat_0487,float,,Feature 487 of the GROVER embedding
feat_0488,float,,Feature 488 of the GROVER embedding
feat_0489,float,,Feature 489 of the GROVER embedding
feat_0490,float,,Feature 490 of the GROVER embedding
feat_0491,float,,Feature 491 of the GROVER embedding
feat_0492,float,,Feature 492 of the GROVER embedding
feat_0493,float,,Feature 493 of the GROVER embedding
feat_0494,float,,Feature 494 of the GROVER embedding
feat_0495,float,,Feature 495 of the GROVER embedding
feat_0496,float,,Feature 496 of the GROVER embedding
feat_0497,float,,Feature 497 of the GROVER embedding
feat_0498,float,,Feature 498 of the GROVER embedding
feat_0499,float,,Feature 499 of the GROVER embedding
feat_0500,float,,Feature 500 of the GROVER embedding
feat_0501,float,,Feature 501 of the GROVER embedding
feat_0502,float,,Feature 502 of the GROVER embedding
feat_0503,float,,Feature 503 of the GROVER embedding
feat_0504,float,,Feature 504 of the GROVER embedding
feat_0505,float,,Feature 505 of the GROVER embedding
feat_0506,float,,Feature 506 of the GROVER embedding
feat_0507,float,,Feature 507 of the GROVER embedding
feat_0508,float,,Feature 508 of the GROVER embedding
feat_0509,float,,Feature 509 of the GROVER embedding
feat_0510,float,,Feature 510 of the GROVER embedding
feat_0511,float,,Feature 511 of the GROVER embedding
feat_0512,float,,Feature 512 of the GROVER embedding
feat_0513,float,,Feature 513 of the GROVER embedding
feat_0514,float,,Feature 514 of the GROVER embedding
feat_0515,float,,Feature 515 of the GROVER embedding
feat_0516,float,,Feature 516 of the GROVER embedding
feat_0517,float,,Feature 517 of the GROVER embedding
feat_0518,float,,Feature 518 of the GROVER embedding
feat_0519,float,,Feature 519 of the GROVER embedding
feat_0520,float,,Feature 520 of the GROVER embedding
feat_0521,float,,Feature 521 of the GROVER embedding
feat_0522,float,,Feature 522 of the GROVER embedding
feat_0523,float,,Feature 523 of the GROVER embedding
feat_0524,float,,Feature 524 of the GROVER embedding
feat_0525,float,,Feature 525 of the GROVER embedding
feat_0526,float,,Feature 526 of the GROVER embedding
feat_0527,float,,Feature 527 of the GROVER embedding
feat_0528,float,,Feature 528 of the GROVER embedding
feat_0529,float,,Feature 529 of the GROVER embedding
feat_0530,float,,Feature 530 of the GROVER embedding
feat_0531,float,,Feature 531 of the GROVER embedding
feat_0532,float,,Feature 532 of the GROVER embedding
feat_0533,float,,Feature 533 of the GROVER embedding
feat_0534,float,,Feature 534 of the GROVER embedding
feat_0535,float,,Feature 535 of the GROVER embedding
feat_0536,float,,Feature 536 of the GROVER embedding
feat_0537,float,,Feature 537 of the GROVER embedding
feat_0538,float,,Feature 538 of the GROVER embedding
feat_0539,float,,Feature 539 of the GROVER embedding
feat_0540,float,,Feature 540 of the GROVER embedding
feat_0541,float,,Feature 541 of the GROVER embedding
feat_0542,float,,Feature 542 of the GROVER embedding
feat_0543,float,,Feature 543 of the GROVER embedding
feat_0544,float,,Feature 544 of the GROVER embedding
feat_0545,float,,Feature 545 of the GROVER embedding
feat_0546,float,,Feature 546 of the GROVER embedding
feat_0547,float,,Feature 547 of the GROVER embedding
feat_0548,float,,Feature 548 of the GROVER embedding
feat_0549,float,,Feature 549 of the GROVER embedding
feat_0550,float,,Feature 550 of the GROVER embedding
feat_0551,float,,Feature 551 of the GROVER embedding
feat_0552,float,,Feature 552 of the GROVER embedding
feat_0553,float,,Feature 553 of the GROVER embedding
feat_0554,float,,Feature 554 of the GROVER embedding
feat_0555,float,,Feature 555 of the GROVER embedding
feat_0556,float,,Feature 556 of the GROVER embedding
feat_0557,float,,Feature 557 of the GROVER embedding
feat_0558,float,,Feature 558 of the GROVER embedding
feat_0559,float,,Feature 559 of the GROVER embedding
feat_0560,float,,Feature 560 of the GROVER embedding
feat_0561,float,,Feature 561 of the GROVER embedding
feat_0562,float,,Feature 562 of the GROVER embedding
feat_0563,float,,Feature 563 of the GROVER embedding
feat_0564,float,,Feature 564 of the GROVER embedding
feat_0565,float,,Feature 565 of the GROVER embedding
feat_0566,float,,Feature 566 of the GROVER embedding
feat_0567,float,,Feature 567 of the GROVER embedding
feat_0568,float,,Feature 568 of the GROVER embedding
feat_0569,float,,Feature 569 of the GROVER embedding
feat_0570,float,,Feature 570 of the GROVER embedding
feat_0571,float,,Feature 571 of the GROVER embedding
feat_0572,float,,Feature 572 of the GROVER embedding
feat_0573,float,,Feature 573 of the GROVER embedding
feat_0574,float,,Feature 574 of the GROVER embedding
feat_0575,float,,Feature 575 of the GROVER embedding
feat_0576,float,,Feature 576 of the GROVER embedding
feat_0577,float,,Feature 577 of the GROVER embedding
feat_0578,float,,Feature 578 of the GROVER embedding
feat_0579,float,,Feature 579 of the GROVER embedding
feat_0580,float,,Feature 580 of the GROVER embedding
feat_0581,float,,Feature 581 of the GROVER embedding
feat_0582,float,,Feature 582 of the GROVER embedding
feat_0583,float,,Feature 583 of the GROVER embedding
feat_0584,float,,Feature 584 of the GROVER embedding
feat_0585,float,,Feature 585 of the GROVER embedding
feat_0586,float,,Feature 586 of the GROVER embedding
feat_0587,float,,Feature 587 of the GROVER embedding
feat_0588,float,,Feature 588 of the GROVER embedding
feat_0589,float,,Feature 589 of the GROVER embedding
feat_0590,float,,Feature 590 of the GROVER embedding
feat_0591,float,,Feature 591 of the GROVER embedding
feat_0592,float,,Feature 592 of the GROVER embedding
feat_0593,float,,Feature 593 of the GROVER embedding
feat_0594,float,,Feature 594 of the GROVER embedding
feat_0595,float,,Feature 595 of the GROVER embedding
feat_0596,float,,Feature 596 of the GROVER embedding
feat_0597,float,,Feature 597 of the GROVER embedding
feat_0598,float,,Feature 598 of the GROVER embedding
feat_0599,float,,Feature 599 of the GROVER embedding
feat_0600,float,,Feature 600 of the GROVER embedding
feat_0601,float,,Feature 601 of the GROVER embedding
feat_0602,float,,Feature 602 of the GROVER embedding
feat_0603,float,,Feature 603 of the GROVER embedding
feat_0604,float,,Feature 604 of the GROVER embedding
feat_0605,float,,Feature 605 of the GROVER embedding
feat_0606,float,,Feature 606 of the GROVER embedding
feat_0607,float,,Feature 607 of the GROVER embedding
feat_0608,float,,Feature 608 of the GROVER embedding
feat_0609,float,,Feature 609 of the GROVER embedding
feat_0610,float,,Feature 610 of the GROVER embedding
feat_0611,float,,Feature 611 of the GROVER embedding
feat_0612,float,,Feature 612 of the GROVER embedding
feat_0613,float,,Feature 613 of the GROVER embedding
feat_0614,float,,Feature 614 of the GROVER embedding
feat_0615,float,,Feature 615 of the GROVER embedding
feat_0616,float,,Feature 616 of the GROVER embedding
feat_0617,float,,Feature 617 of the GROVER embedding
feat_0618,float,,Feature 618 of the GROVER embedding
feat_0619,float,,Feature 619 of the GROVER embedding
feat_0620,float,,Feature 620 of the GROVER embedding
feat_0621,float,,Feature 621 of the GROVER embedding
feat_0622,float,,Feature 622 of the GROVER embedding
feat_0623,float,,Feature 623 of the GROVER embedding
feat_0624,float,,Feature 624 of the GROVER embedding
feat_0625,float,,Feature 625 of the GROVER embedding
feat_0626,float,,Feature 626 of the GROVER embedding
feat_0627,float,,Feature 627 of the GROVER embedding
feat_0628,float,,Feature 628 of the GROVER embedding
feat_0629,float,,Feature 629 of the GROVER embedding
feat_0630,float,,Feature 630 of the GROVER embedding
feat_0631,float,,Feature 631 of the GROVER embedding
feat_0632,float,,Feature 632 of the GROVER embedding
feat_0633,float,,Feature 633 of the GROVER embedding
feat_0634,float,,Feature 634 of the GROVER embedding
feat_0635,float,,Feature 635 of the GROVER embedding
feat_0636,float,,Feature 636 of the GROVER embedding
feat_0637,float,,Feature 637 of the GROVER embedding
feat_0638,float,,Feature 638 of the GROVER embedding
feat_0639,float,,Feature 639 of the GROVER embedding
feat_0640,float,,Feature 640 of the GROVER embedding
feat_0641,float,,Feature 641 of the GROVER embedding
feat_0642,float,,Feature 642 of the GROVER embedding
feat_0643,float,,Feature 643 of the GROVER embedding
feat_0644,float,,Feature 644 of the GROVER embedding
feat_0645,float,,Feature 645 of the GROVER embedding
feat_0646,float,,Feature 646 of the GROVER embedding
feat_0647,float,,Feature 647 of the GROVER embedding
feat_0648,float,,Feature 648 of the GROVER embedding
feat_0649,float,,Feature 649 of the GROVER embedding
feat_0650,float,,Feature 650 of the GROVER embedding
feat_0651,float,,Feature 651 of the GROVER embedding
feat_0652,float,,Feature 652 of the GROVER embedding
feat_0653,float,,Feature 653 of the GROVER embedding
feat_0654,float,,Feature 654 of the GROVER embedding
feat_0655,float,,Feature 655 of the GROVER embedding
feat_0656,float,,Feature 656 of the GROVER embedding
feat_0657,float,,Feature 657 of the GROVER embedding
feat_0658,float,,Feature 658 of the GROVER embedding
feat_0659,float,,Feature 659 of the GROVER embedding
feat_0660,float,,Feature 660 of the GROVER embedding
feat_0661,float,,Feature 661 of the GROVER embedding
feat_0662,float,,Feature 662 of the GROVER embedding
feat_0663,float,,Feature 663 of the GROVER embedding
feat_0664,float,,Feature 664 of the GROVER embedding
feat_0665,float,,Feature 665 of the GROVER embedding
feat_0666,float,,Feature 666 of the GROVER embedding
feat_0667,float,,Feature 667 of the GROVER embedding
feat_0668,float,,Feature 668 of the GROVER embedding
feat_0669,float,,Feature 669 of the GROVER embedding
feat_0670,float,,Feature 670 of the GROVER embedding
feat_0671,float,,Feature 671 of the GROVER embedding
feat_0672,float,,Feature 672 of the GROVER embedding
feat_0673,float,,Feature 673 of the GROVER embedding
feat_0674,float,,Feature 674 of the GROVER embedding
feat_0675,float,,Feature 675 of the GROVER embedding
feat_0676,float,,Feature 676 of the GROVER embedding
feat_0677,float,,Feature 677 of the GROVER embedding
feat_0678,float,,Feature 678 of the GROVER embedding
feat_0679,float,,Feature 679 of the GROVER embedding
feat_0680,float,,Feature 680 of the GROVER embedding
feat_0681,float,,Feature 681 of the GROVER embedding
feat_0682,float,,Feature 682 of the GROVER embedding
feat_0683,float,,Feature 683 of the GROVER embedding
feat_0684,float,,Feature 684 of the GROVER embedding
feat_0685,float,,Feature 685 of the GROVER embedding
feat_0686,float,,Feature 686 of the GROVER embedding
feat_0687,float,,Feature 687 of the GROVER embedding
feat_0688,float,,Feature 688 of the GROVER embedding
feat_0689,float,,Feature 689 of the GROVER embedding
feat_0690,float,,Feature 690 of the GROVER embedding
feat_0691,float,,Feature 691 of the GROVER embedding
feat_0692,float,,Feature 692 of the GROVER embedding
feat_0693,float,,Feature 693 of the GROVER embedding
feat_0694,float,,Feature 694 of the GROVER embedding
feat_0695,float,,Feature 695 of the GROVER embedding
feat_0696,float,,Feature 696 of the GROVER embedding
feat_0697,float,,Feature 697 of the GROVER embedding
feat_0698,float,,Feature 698 of the GROVER embedding
feat_0699,float,,Feature 699 of the GROVER embedding
feat_0700,float,,Feature 700 of the GROVER embedding
feat_0701,float,,Feature 701 of the GROVER embedding
feat_0702,float,,Feature 702 of the GROVER embedding
feat_0703,float,,Feature 703 of the GROVER embedding
feat_0704,float,,Feature 704 of the GROVER embedding
feat_0705,float,,Feature 705 of the GROVER embedding
feat_0706,float,,Feature 706 of the GROVER embedding
feat_0707,float,,Feature 707 of the GROVER embedding
feat_0708,float,,Feature 708 of the GROVER embedding
feat_0709,float,,Feature 709 of the GROVER embedding
feat_0710,float,,Feature 710 of the GROVER embedding
feat_0711,float,,Feature 711 of the GROVER embedding
feat_0712,float,,Feature 712 of the GROVER embedding
feat_0713,float,,Feature 713 of the GROVER embedding
feat_0714,float,,Feature 714 of the GROVER embedding
feat_0715,float,,Feature 715 of the GROVER embedding
feat_0716,float,,Feature 716 of the GROVER embedding
feat_0717,float,,Feature 717 of the GROVER embedding
feat_0718,float,,Feature 718 of the GROVER embedding
feat_0719,float,,Feature 719 of the GROVER embedding
feat_0720,float,,Feature 720 of the GROVER embedding
feat_0721,float,,Feature 721 of the GROVER embedding
feat_0722,float,,Feature 722 of the GROVER embedding
feat_0723,float,,Feature 723 of the GROVER embedding
feat_0724,float,,Feature 724 of the GROVER embedding
feat_0725,float,,Feature 725 of the GROVER embedding
feat_0726,float,,Feature 726 of the GROVER embedding
feat_0727,float,,Feature 727 of the GROVER embedding
feat_0728,float,,Feature 728 of the GROVER embedding
feat_0729,float,,Feature 729 of the GROVER embedding
feat_0730,float,,Feature 730 of the GROVER embedding
feat_0731,float,,Feature 731 of the GROVER embedding
feat_0732,float,,Feature 732 of the GROVER embedding
feat_0733,float,,Feature 733 of the GROVER embedding
feat_0734,float,,Feature 734 of the GROVER embedding
feat_0735,float,,Feature 735 of the GROVER embedding
feat_0736,float,,Feature 736 of the GROVER embedding
feat_0737,float,,Feature 737 of the GROVER embedding
feat_0738,float,,Feature 738 of the GROVER embedding
feat_0739,float,,Feature 739 of the GROVER embedding
feat_0740,float,,Feature 740 of the GROVER embedding
feat_0741,float,,Feature 741 of the GROVER embedding
feat_0742,float,,Feature 742 of the GROVER embedding
feat_0743,float,,Feature 743 of the GROVER embedding
feat_0744,float,,Feature 744 of the GROVER embedding
feat_0745,float,,Feature 745 of the GROVER embedding
feat_0746,float,,Feature 746 of the GROVER embedding
feat_0747,float,,Feature 747 of the GROVER embedding
feat_0748,float,,Feature 748 of the GROVER embedding
feat_0749,float,,Feature 749 of the GROVER embedding
feat_0750,float,,Feature 750 of the GROVER embedding
feat_0751,float,,Feature 751 of the GROVER embedding
feat_0752,float,,Feature 752 of the GROVER embedding
feat_0753,float,,Feature 753 of the GROVER embedding
feat_0754,float,,Feature 754 of the GROVER embedding
feat_0755,float,,Feature 755 of the GROVER embedding
feat_0756,float,,Feature 756 of the GROVER embedding
feat_0757,float,,Feature 757 of the GROVER embedding
feat_0758,float,,Feature 758 of the GROVER embedding
feat_0759,float,,Feature 759 of the GROVER embedding
feat_0760,float,,Feature 760 of the GROVER embedding
feat_0761,float,,Feature 761 of the GROVER embedding
feat_0762,float,,Feature 762 of the GROVER embedding
feat_0763,float,,Feature 763 of the GROVER embedding
feat_0764,float,,Feature 764 of the GROVER embedding
feat_0765,float,,Feature 765 of the GROVER embedding
feat_0766,float,,Feature 766 of the GROVER embedding
feat_0767,float,,Feature 767 of the GROVER embedding
feat_0768,float,,Feature 768 of the GROVER embedding
feat_0769,float,,Feature 769 of the GROVER embedding
feat_0770,float,,Feature 770 of the GROVER embedding
feat_0771,float,,Feature 771 of the GROVER embedding
feat_0772,float,,Feature 772 of the GROVER embedding
feat_0773,float,,Feature 773 of the GROVER embedding
feat_0774,float,,Feature 774 of the GROVER embedding
feat_0775,float,,Feature 775 of the GROVER embedding
feat_0776,float,,Feature 776 of the GROVER embedding
feat_0777,float,,Feature 777 of the GROVER embedding
feat_0778,float,,Feature 778 of the GROVER embedding
feat_0779,float,,Feature 779 of the GROVER embedding
feat_0780,float,,Feature 780 of the GROVER embedding
feat_0781,float,,Feature 781 of the GROVER embedding
feat_0782,float,,Feature 782 of the GROVER embedding
feat_0783,float,,Feature 783 of the GROVER embedding
feat_0784,float,,Feature 784 of the GROVER embedding
feat_0785,float,,Feature 785 of the GROVER embedding
feat_0786,float,,Feature 786 of the GROVER embedding
feat_0787,float,,Feature 787 of the GROVER embedding
feat_0788,float,,Feature 788 of the GROVER embedding
feat_0789,float,,Feature 789 of the GROVER embedding
feat_0790,float,,Feature 790 of the GROVER embedding
feat_0791,float,,Feature 791 of the GROVER embedding
feat_0792,float,,Feature 792 of the GROVER embedding
feat_0793,float,,Feature 793 of the GROVER embedding
feat_0794,float,,Feature 794 of the GROVER embedding
feat_0795,float,,Feature 795 of the GROVER embedding
feat_0796,float,,Feature 796 of the GROVER embedding
feat_0797,float,,Feature 797 of the GROVER embedding
feat_0798,float,,Feature 798 of the GROVER embedding
feat_0799,float,,Feature 799 of the GROVER embedding
feat_0800,float,,Feature 800 of the GROVER embedding
feat_0801,float,,Feature 801 of the GROVER embedding
feat_0802,float,,Feature 802 of the GROVER embedding
feat_0803,float,,Feature 803 of the GROVER embedding
feat_0804,float,,Feature 804 of the GROVER embedding
feat_0805,float,,Feature 805 of the GROVER embedding
feat_0806,float,,Feature 806 of the GROVER embedding
feat_0807,float,,Feature 807 of the GROVER embedding
feat_0808,float,,Feature 808 of the GROVER embedding
feat_0809,float,,Feature 809 of the GROVER embedding
feat_0810,float,,Feature 810 of the GROVER embedding
feat_0811,float,,Feature 811 of the GROVER embedding
feat_0812,float,,Feature 812 of the GROVER embedding
feat_0813,float,,Feature 813 of the GROVER embedding
feat_0814,float,,Feature 814 of the GROVER embedding
feat_0815,float,,Feature 815 of the GROVER embedding
feat_0816,float,,Feature 816 of the GROVER embedding
feat_0817,float,,Feature 817 of the GROVER embedding
feat_0818,float,,Feature 818 of the GROVER embedding
feat_0819,float,,Feature 819 of the GROVER embedding
feat_0820,float,,Feature 820 of the GROVER embedding
feat_0821,float,,Feature 821 of the GROVER embedding
feat_0822,float,,Feature 822 of the GROVER embedding
feat_0823,float,,Feature 823 of the GROVER embedding
feat_0824,float,,Feature 824 of the GROVER embedding
feat_0825,float,,Feature 825 of the GROVER embedding
feat_0826,float,,Feature 826 of the GROVER embedding
feat_0827,float,,Feature 827 of the GROVER embedding
feat_0828,float,,Feature 828 of the GROVER embedding
feat_0829,float,,Feature 829 of the GROVER embedding
feat_0830,float,,Feature 830 of the GROVER embedding
feat_0831,float,,Feature 831 of the GROVER embedding
feat_0832,float,,Feature 832 of the GROVER embedding
feat_0833,float,,Feature 833 of the GROVER embedding
feat_0834,float,,Feature 834 of the GROVER embedding
feat_0835,float,,Feature 835 of the GROVER embedding
feat_0836,float,,Feature 836 of the GROVER embedding
feat_0837,float,,Feature 837 of the GROVER embedding
feat_0838,float,,Feature 838 of the GROVER embedding
feat_0839,float,,Feature 839 of the GROVER embedding
feat_0840,float,,Feature 840 of the GROVER embedding
feat_0841,float,,Feature 841 of the GROVER embedding
feat_0842,float,,Feature 842 of the GROVER embedding
feat_0843,float,,Feature 843 of the GROVER embedding
feat_0844,float,,Feature 844 of the GROVER embedding
feat_0845,float,,Feature 845 of the GROVER embedding
feat_0846,float,,Feature 846 of the GROVER embedding
feat_0847,float,,Feature 847 of the GROVER embedding
feat_0848,float,,Feature 848 of the GROVER embedding
feat_0849,float,,Feature 849 of the GROVER embedding
feat_0850,float,,Feature 850 of the GROVER embedding
feat_0851,float,,Feature 851 of the GROVER embedding
feat_0852,float,,Feature 852 of the GROVER embedding
feat_0853,float,,Feature 853 of the GROVER embedding
feat_0854,float,,Feature 854 of the GROVER embedding
feat_0855,float,,Feature 855 of the GROVER embedding
feat_0856,float,,Feature 856 of the GROVER embedding
feat_0857,float,,Feature 857 of the GROVER embedding
feat_0858,float,,Feature 858 of the GROVER embedding
feat_0859,float,,Feature 859 of the GROVER embedding
feat_0860,float,,Feature 860 of the GROVER embedding
feat_0861,float,,Feature 861 of the GROVER embedding
feat_0862,float,,Feature 862 of the GROVER embedding
feat_0863,float,,Feature 863 of the GROVER embedding
feat_0864,float,,Feature 864 of the GROVER embedding
feat_0865,float,,Feature 865 of the GROVER embedding
feat_0866,float,,Feature 866 of the GROVER embedding
feat_0867,float,,Feature 867 of the GROVER embedding
feat_0868,float,,Feature 868 of the GROVER embedding
feat_0869,float,,Feature 869 of the GROVER embedding
feat_0870,float,,Feature 870 of the GROVER embedding
feat_0871,float,,Feature 871 of the GROVER embedding
feat_0872,float,,Feature 872 of the GROVER embedding
feat_0873,float,,Feature 873 of the GROVER embedding
feat_0874,float,,Feature 874 of the GROVER embedding
feat_0875,float,,Feature 875 of the GROVER embedding
feat_0876,float,,Feature 876 of the GROVER embedding
feat_0877,float,,Feature 877 of the GROVER embedding
feat_0878,float,,Feature 878 of the GROVER embedding
feat_0879,float,,Feature 879 of the GROVER embedding
feat_0880,float,,Feature 880 of the GROVER embedding
feat_0881,float,,Feature 881 of the GROVER embedding
feat_0882,float,,Feature 882 of the GROVER embedding
feat_0883,float,,Feature 883 of the GROVER embedding
feat_0884,float,,Feature 884 of the GROVER embedding
feat_0885,float,,Feature 885 of the GROVER embedding
feat_0886,float,,Feature 886 of the GROVER embedding
feat_0887,float,,Feature 887 of the GROVER embedding
feat_0888,float,,Feature 888 of the GROVER embedding
feat_0889,float,,Feature 889 of the GROVER embedding
feat_0890,float,,Feature 890 of the GROVER embedding
feat_0891,float,,Feature 891 of the GROVER embedding
feat_0892,float,,Feature 892 of the GROVER embedding
feat_0893,float,,Feature 893 of the GROVER embedding
feat_0894,float,,Feature 894 of the GROVER embedding
feat_0895,float,,Feature 895 of the GROVER embedding
feat_0896,float,,Feature 896 of the GROVER embedding
feat_0897,float,,Feature 897 of the GROVER embedding
feat_0898,float,,Feature 898 of the GROVER embedding
feat_0899,float,,Feature 899 of the GROVER embedding
feat_0900,float,,Feature 900 of the GROVER embedding
feat_0901,float,,Feature 901 of the GROVER embedding
feat_0902,float,,Feature 902 of the GROVER embedding
feat_0903,float,,Feature 903 of the GROVER embedding
feat_0904,float,,Feature 904 of the GROVER embedding
feat_0905,float,,Feature 905 of the GROVER embedding
feat_0906,float,,Feature 906 of the GROVER embedding
feat_0907,float,,Feature 907 of the GROVER embedding
feat_0908,float,,Feature 908 of the GROVER embedding
feat_0909,float,,Feature 909 of the GROVER embedding
feat_0910,float,,Feature 910 of the GROVER embedding
feat_0911,float,,Feature 911 of the GROVER embedding
feat_0912,float,,Feature 912 of the GROVER embedding
feat_0913,float,,Feature 913 of the GROVER embedding
feat_0914,float,,Feature 914 of the GROVER embedding
feat_0915,float,,Feature 915 of the GROVER embedding
feat_0916,float,,Feature 916 of the GROVER embedding
feat_0917,float,,Feature 917 of the GROVER embedding
feat_0918,float,,Feature 918 of the GROVER embedding
feat_0919,float,,Feature 919 of the GROVER embedding
feat_0920,float,,Feature 920 of the GROVER embedding
feat_0921,float,,Feature 921 of the GROVER embedding
feat_0922,float,,Feature 922 of the GROVER embedding
feat_0923,float,,Feature 923 of the GROVER embedding
feat_0924,float,,Feature 924 of the GROVER embedding
feat_0925,float,,Feature 925 of the GROVER embedding
feat_0926,float,,Feature 926 of the GROVER embedding
feat_0927,float,,Feature 927 of the GROVER embedding
feat_0928,float,,Feature 928 of the GROVER embedding
feat_0929,float,,Feature 929 of the GROVER embedding
feat_0930,float,,Feature 930 of the GROVER embedding
feat_0931,float,,Feature 931 of the GROVER embedding
feat_0932,float,,Feature 932 of the GROVER embedding
feat_0933,float,,Feature 933 of the GROVER embedding
feat_0934,float,,Feature 934 of the GROVER embedding
feat_0935,float,,Feature 935 of the GROVER embedding
feat_0936,float,,Feature 936 of the GROVER embedding
feat_0937,float,,Feature 937 of the GROVER embedding
feat_0938,float,,Feature 938 of the GROVER embedding
feat_0939,float,,Feature 939 of the GROVER embedding
feat_0940,float,,Feature 940 of the GROVER embedding
feat_0941,float,,Feature 941 of the GROVER embedding
feat_0942,float,,Feature 942 of the GROVER embedding
feat_0943,float,,Feature 943 of the GROVER embedding
feat_0944,float,,Feature 944 of the GROVER embedding
feat_0945,float,,Feature 945 of the GROVER embedding
feat_0946,float,,Feature 946 of the GROVER embedding
feat_0947,float,,Feature 947 of the GROVER embedding
feat_0948,float,,Feature 948 of the GROVER embedding
feat_0949,float,,Feature 949 of the GROVER embedding
feat_0950,float,,Feature 950 of the GROVER embedding
feat_0951,float,,Feature 951 of the GROVER embedding
feat_0952,float,,Feature 952 of the GROVER embedding
feat_0953,float,,Feature 953 of the GROVER embedding
feat_0954,float,,Feature 954 of the GROVER embedding
feat_0955,float,,Feature 955 of the GROVER embedding
feat_0956,float,,Feature 956 of the GROVER embedding
feat_0957,float,,Feature 957 of the GROVER embedding
feat_0958,float,,Feature 958 of the GROVER embedding
feat_0959,float,,Feature 959 of the GROVER embedding
feat_0960,float,,Feature 960 of the GROVER embedding
feat_0961,float,,Feature 961 of the GROVER embedding
feat_0962,float,,Feature 962 of the GROVER embedding
feat_0963,float,,Feature 963 of the GROVER embedding
feat_0964,float,,Feature 964 of the GROVER embedding
feat_0965,float,,Feature 965 of the GROVER embedding
feat_0966,float,,Feature 966 of the GROVER embedding
feat_0967,float,,Feature 967 of the GROVER embedding
feat_0968,float,,Feature 968 of the GROVER embedding
feat_0969,float,,Feature 969 of the GROVER embedding
feat_0970,float,,Feature 970 of the GROVER embedding
feat_0971,float,,Feature 971 of the GROVER embedding
feat_0972,float,,Feature 972 of the GROVER embedding
feat_0973,float,,Feature 973 of the GROVER embedding
feat_0974,float,,Feature 974 of the GROVER embedding
feat_0975,float,,Feature 975 of the GROVER embedding
feat_0976,float,,Feature 976 of the GROVER embedding
feat_0977,float,,Feature 977 of the GROVER embedding
feat_0978,float,,Feature 978 of the GROVER embedding
feat_0979,float,,Feature 979 of the GROVER embedding
feat_0980,float,,Feature 980 of the GROVER embedding
feat_0981,float,,Feature 981 of the GROVER embedding
feat_0982,float,,Feature 982 of the GROVER embedding
feat_0983,float,,Feature 983 of the GROVER embedding
feat_0984,float,,Feature 984 of the GROVER embedding
feat_0985,float,,Feature 985 of the GROVER embedding
feat_0986,float,,Feature 986 of the GROVER embedding
feat_0987,float,,Feature 987 of the GROVER embedding
feat_0988,float,,Feature 988 of the GROVER embedding
feat_0989,float,,Feature 989 of the GROVER embedding
feat_0990,float,,Feature 990 of the GROVER embedding
feat_0991,float,,Feature 991 of the GROVER embedding
feat_0992,float,,Feature 992 of the GROVER embedding
feat_0993,float,,Feature 993 of the GROVER embedding
feat_0994,float,,Feature 994 of the GROVER embedding
feat_0995,float,,Feature 995 of the GROVER embedding
feat_0996,float,,Feature 996 of the GROVER embedding
feat_0997,float,,Feature 997 of the GROVER embedding
feat_0998,float,,Feature 998 of the GROVER embedding
feat_0999,float,,Feature 999 of the GROVER embedding
feat_1000,float,,Feature 1000 of the GROVER embedding
feat_1001,float,,Feature 1001 of the GROVER embedding
feat_1002,float,,Feature 1002 of the GROVER embedding
feat_1003,float,,Feature 1003 of the GROVER embedding
feat_1004,float,,Feature 1004 of the GROVER embedding
feat_1005,float,,Feature 1005 of the GROVER embedding
feat_1006,float,,Feature 1006 of the GROVER embedding
feat_1007,float,,Feature 1007 of the GROVER embedding
feat_1008,float,,Feature 1008 of the GROVER embedding
feat_1009,float,,Feature 1009 of the GROVER embedding
feat_1010,float,,Feature 1010 of the GROVER embedding
feat_1011,float,,Feature 1011 of the GROVER embedding
feat_1012,float,,Feature 1012 of the GROVER embedding
feat_1013,float,,Feature 1013 of the GROVER embedding
feat_1014,float,,Feature 1014 of the GROVER embedding
feat_1015,float,,Feature 1015 of the GROVER embedding
feat_1016,float,,Feature 1016 of the GROVER embedding
feat_1017,float,,Feature 1017 of the GROVER embedding
feat_1018,float,,Feature 1018 of the GROVER embedding
feat_1019,float,,Feature 1019 of the GROVER embedding
feat_1020,float,,Feature 1020 of the GROVER embedding
feat_1021,float,,Feature 1021 of the GROVER embedding
feat_1022,float,,Feature 1022 of the GROVER embedding
feat_1023,float,,Feature 1023 of the GROVER embedding
feat_1024,float,,Feature 1024 of the GROVER embedding
feat_1025,float,,Feature 1025 of the GROVER embedding
feat_1026,float,,Feature 1026 of the GROVER embedding
feat_1027,float,,Feature 1027 of the GROVER embedding
feat_1028,float,,Feature 1028 of the GROVER embedding
feat_1029,float,,Feature 1029 of the GROVER embedding
feat_1030,float,,Feature 1030 of the GROVER embedding
feat_1031,float,,Feature 1031 of the GROVER embedding
feat_1032,float,,Feature 1032 of the GROVER embedding
feat_1033,float,,Feature 1033 of the GROVER embedding
feat_1034,float,,Feature 1034 of the GROVER embedding
feat_1035,float,,Feature 1035 of the GROVER embedding
feat_1036,float,,Feature 1036 of the GROVER embedding
feat_1037,float,,Feature 1037 of the GROVER embedding
feat_1038,float,,Feature 1038 of the GROVER embedding
feat_1039,float,,Feature 1039 of the GROVER embedding
feat_1040,float,,Feature 1040 of the GROVER embedding
feat_1041,float,,Feature 1041 of the GROVER embedding
feat_1042,float,,Feature 1042 of the GROVER embedding
feat_1043,float,,Feature 1043 of the GROVER embedding
feat_1044,float,,Feature 1044 of the GROVER embedding
feat_1045,float,,Feature 1045 of the GROVER embedding
feat_1046,float,,Feature 1046 of the GROVER embedding
feat_1047,float,,Feature 1047 of the GROVER embedding
feat_1048,float,,Feature 1048 of the GROVER embedding
feat_1049,float,,Feature 1049 of the GROVER embedding
feat_1050,float,,Feature 1050 of the GROVER embedding
feat_1051,float,,Feature 1051 of the GROVER embedding
feat_1052,float,,Feature 1052 of the GROVER embedding
feat_1053,float,,Feature 1053 of the GROVER embedding
feat_1054,float,,Feature 1054 of the GROVER embedding
feat_1055,float,,Feature 1055 of the GROVER embedding
feat_1056,float,,Feature 1056 of the GROVER embedding
feat_1057,float,,Feature 1057 of the GROVER embedding
feat_1058,float,,Feature 1058 of the GROVER embedding
feat_1059,float,,Feature 1059 of the GROVER embedding
feat_1060,float,,Feature 1060 of the GROVER embedding
feat_1061,float,,Feature 1061 of the GROVER embedding
feat_1062,float,,Feature 1062 of the GROVER embedding
feat_1063,float,,Feature 1063 of the GROVER embedding
feat_1064,float,,Feature 1064 of the GROVER embedding
feat_1065,float,,Feature 1065 of the GROVER embedding
feat_1066,float,,Feature 1066 of the GROVER embedding
feat_1067,float,,Feature 1067 of the GROVER embedding
feat_1068,float,,Feature 1068 of the GROVER embedding
feat_1069,float,,Feature 1069 of the GROVER embedding
feat_1070,float,,Feature 1070 of the GROVER embedding
feat_1071,float,,Feature 1071 of the GROVER embedding
feat_1072,float,,Feature 1072 of the GROVER embedding
feat_1073,float,,Feature 1073 of the GROVER embedding
feat_1074,float,,Feature 1074 of the GROVER embedding
feat_1075,float,,Feature 1075 of the GROVER embedding
feat_1076,float,,Feature 1076 of the GROVER embedding
feat_1077,float,,Feature 1077 of the GROVER embedding
feat_1078,float,,Feature 1078 of the GROVER embedding
feat_1079,float,,Feature 1079 of the GROVER embedding
feat_1080,float,,Feature 1080 of the GROVER embedding
feat_1081,float,,Feature 1081 of the GROVER embedding
feat_1082,float,,Feature 1082 of the GROVER embedding
feat_1083,float,,Feature 1083 of the GROVER embedding
feat_1084,float,,Feature 1084 of the GROVER embedding
feat_1085,float,,Feature 1085 of the GROVER embedding
feat_1086,float,,Feature 1086 of the GROVER embedding
feat_1087,float,,Feature 1087 of the GROVER embedding
feat_1088,float,,Feature 1088 of the GROVER embedding
feat_1089,float,,Feature 1089 of the GROVER embedding
feat_1090,float,,Feature 1090 of the GROVER embedding
feat_1091,float,,Feature 1091 of the GROVER embedding
feat_1092,float,,Feature 1092 of the GROVER embedding
feat_1093,float,,Feature 1093 of the GROVER embedding
feat_1094,float,,Feature 1094 of the GROVER embedding
feat_1095,float,,Feature 1095 of the GROVER embedding
feat_1096,float,,Feature 1096 of the GROVER embedding
feat_1097,float,,Feature 1097 of the GROVER embedding
feat_1098,float,,Feature 1098 of the GROVER embedding
feat_1099,float,,Feature 1099 of the GROVER embedding
feat_1100,float,,Feature 1100 of the GROVER embedding
feat_1101,float,,Feature 1101 of the GROVER embedding
feat_1102,float,,Feature 1102 of the GROVER embedding
feat_1103,float,,Feature 1103 of the GROVER embedding
feat_1104,float,,Feature 1104 of the GROVER embedding
feat_1105,float,,Feature 1105 of the GROVER embedding
feat_1106,float,,Feature 1106 of the GROVER embedding
feat_1107,float,,Feature 1107 of the GROVER embedding
feat_1108,float,,Feature 1108 of the GROVER embedding
feat_1109,float,,Feature 1109 of the GROVER embedding
feat_1110,float,,Feature 1110 of the GROVER embedding
feat_1111,float,,Feature 1111 of the GROVER embedding
feat_1112,float,,Feature 1112 of the GROVER embedding
feat_1113,float,,Feature 1113 of the GROVER embedding
feat_1114,float,,Feature 1114 of the GROVER embedding
feat_1115,float,,Feature 1115 of the GROVER embedding
feat_1116,float,,Feature 1116 of the GROVER embedding
feat_1117,float,,Feature 1117 of the GROVER embedding
feat_1118,float,,Feature 1118 of the GROVER embedding
feat_1119,float,,Feature 1119 of the GROVER embedding
feat_1120,float,,Feature 1120 of the GROVER embedding
feat_1121,float,,Feature 1121 of the GROVER embedding
feat_1122,float,,Feature 1122 of the GROVER embedding
feat_1123,float,,Feature 1123 of the GROVER embedding
feat_1124,float,,Feature 1124 of the GROVER embedding
feat_1125,float,,Feature 1125 of the GROVER embedding
feat_1126,float,,Feature 1126 of the GROVER embedding
feat_1127,float,,Feature 1127 of the GROVER embedding
feat_1128,float,,Feature 1128 of the GROVER embedding
feat_1129,float,,Feature 1129 of the GROVER embedding
feat_1130,float,,Feature 1130 of the GROVER embedding
feat_1131,float,,Feature 1131 of the GROVER embedding
feat_1132,float,,Feature 1132 of the GROVER embedding
feat_1133,float,,Feature 1133 of the GROVER embedding
feat_1134,float,,Feature 1134 of the GROVER embedding
feat_1135,float,,Feature 1135 of the GROVER embedding
feat_1136,float,,Feature 1136 of the GROVER embedding
feat_1137,float,,Feature 1137 of the GROVER embedding
feat_1138,float,,Feature 1138 of the GROVER embedding
feat_1139,float,,Feature 1139 of the GROVER embedding
feat_1140,float,,Feature 1140 of the GROVER embedding
feat_1141,float,,Feature 1141 of the GROVER embedding
feat_1142,float,,Feature 1142 of the GROVER embedding
feat_1143,float,,Feature 1143 of the GROVER embedding
feat_1144,float,,Feature 1144 of the GROVER embedding
feat_1145,float,,Feature 1145 of the GROVER embedding
feat_1146,float,,Feature 1146 of the GROVER embedding
feat_1147,float,,Feature 1147 of the GROVER embedding
feat_1148,float,,Feature 1148 of the GROVER embedding
feat_1149,float,,Feature 1149 of the GROVER embedding
feat_1150,float,,Feature 1150 of the GROVER embedding
feat_1151,float,,Feature 1151 of the GROVER embedding
feat_1152,float,,Feature 1152 of the GROVER embedding
feat_1153,float,,Feature 1153 of the GROVER embedding
feat_1154,float,,Feature 1154 of the GROVER embedding
feat_1155,float,,Feature 1155 of the GROVER embedding
feat_1156,float,,Feature 1156 of the GROVER embedding
feat_1157,float,,Feature 1157 of the GROVER embedding
feat_1158,float,,Feature 1158 of the GROVER embedding
feat_1159,float,,Feature 1159 of the GROVER embedding
feat_1160,float,,Feature 1160 of the GROVER embedding
feat_1161,float,,Feature 1161 of the GROVER embedding
feat_1162,float,,Feature 1162 of the GROVER embedding
feat_1163,float,,Feature 1163 of the GROVER embedding
feat_1164,float,,Feature 1164 of the GROVER embedding
feat_1165,float,,Feature 1165 of the GROVER embedding
feat_1166,float,,Feature 1166 of the GROVER embedding
feat_1167,float,,Feature 1167 of the GROVER embedding
feat_1168,float,,Feature 1168 of the GROVER embedding
feat_1169,float,,Feature 1169 of the GROVER embedding
feat_1170,float,,Feature 1170 of the GROVER embedding
feat_1171,float,,Feature 1171 of the GROVER embedding
feat_1172,float,,Feature 1172 of the GROVER embedding
feat_1173,float,,Feature 1173 of the GROVER embedding
feat_1174,float,,Feature 1174 of the GROVER embedding
feat_1175,float,,Feature 1175 of the GROVER embedding
feat_1176,float,,Feature 1176 of the GROVER embedding
feat_1177,float,,Feature 1177 of the GROVER embedding
feat_1178,float,,Feature 1178 of the GROVER embedding
feat_1179,float,,Feature 1179 of the GROVER embedding
feat_1180,float,,Feature 1180 of the GROVER embedding
feat_1181,float,,Feature 1181 of the GROVER embedding
feat_1182,float,,Feature 1182 of the GROVER embedding
feat_1183,float,,Feature 1183 of the GROVER embedding
feat_1184,float,,Feature 1184 of the GROVER embedding
feat_1185,float,,Feature 1185 of the GROVER embedding
feat_1186,float,,Feature 1186 of the GROVER embedding
feat_1187,float,,Feature 1187 of the GROVER embedding
feat_1188,float,,Feature 1188 of the GROVER embedding
feat_1189,float,,Feature 1189 of the GROVER embedding
feat_1190,float,,Feature 1190 of the GROVER embedding
feat_1191,float,,Feature 1191 of the GROVER embedding
feat_1192,float,,Feature 1192 of the GROVER embedding
feat_1193,float,,Feature 1193 of the GROVER embedding
feat_1194,float,,Feature 1194 of the GROVER embedding
feat_1195,float,,Feature 1195 of the GROVER embedding
feat_1196,float,,Feature 1196 of the GROVER embedding
feat_1197,float,,Feature 1197 of the GROVER embedding
feat_1198,float,,Feature 1198 of the GROVER embedding
feat_1199,float,,Feature 1199 of the GROVER embedding
feat_1200,float,,Feature 1200 of the GROVER embedding
feat_1201,float,,Feature 1201 of the GROVER embedding
feat_1202,float,,Feature 1202 of the GROVER embedding
feat_1203,float,,Feature 1203 of the GROVER embedding
feat_1204,float,,Feature 1204 of the GROVER embedding
feat_1205,float,,Feature 1205 of the GROVER embedding
feat_1206,float,,Feature 1206 of the GROVER embedding
feat_1207,float,,Feature 1207 of the GROVER embedding
feat_1208,float,,Feature 1208 of the GROVER embedding
feat_1209,float,,Feature 1209 of the GROVER embedding
feat_1210,float,,Feature 1210 of the GROVER embedding
feat_1211,float,,Feature 1211 of the GROVER embedding
feat_1212,float,,Feature 1212 of the GROVER embedding
feat_1213,float,,Feature 1213 of the GROVER embedding
feat_1214,float,,Feature 1214 of the GROVER embedding
feat_1215,float,,Feature 1215 of the GROVER embedding
feat_1216,float,,Feature 1216 of the GROVER embedding
feat_1217,float,,Feature 1217 of the GROVER embedding
feat_1218,float,,Feature 1218 of the GROVER embedding
feat_1219,float,,Feature 1219 of the GROVER embedding
feat_1220,float,,Feature 1220 of the GROVER embedding
feat_1221,float,,Feature 1221 of the GROVER embedding
feat_1222,float,,Feature 1222 of the GROVER embedding
feat_1223,float,,Feature 1223 of the GROVER embedding
feat_1224,float,,Feature 1224 of the GROVER embedding
feat_1225,float,,Feature 1225 of the GROVER embedding
feat_1226,float,,Feature 1226 of the GROVER embedding
feat_1227,float,,Feature 1227 of the GROVER embedding
feat_1228,float,,Feature 1228 of the GROVER embedding
feat_1229,float,,Feature 1229 of the GROVER embedding
feat_1230,float,,Feature 1230 of the GROVER embedding
feat_1231,float,,Feature 1231 of the GROVER embedding
feat_1232,float,,Feature 1232 of the GROVER embedding
feat_1233,float,,Feature 1233 of the GROVER embedding
feat_1234,float,,Feature 1234 of the GROVER embedding
feat_1235,float,,Feature 1235 of the GROVER embedding
feat_1236,float,,Feature 1236 of the GROVER embedding
feat_1237,float,,Feature 1237 of the GROVER embedding
feat_1238,float,,Feature 1238 of the GROVER embedding
feat_1239,float,,Feature 1239 of the GROVER embedding
feat_1240,float,,Feature 1240 of the GROVER embedding
feat_1241,float,,Feature 1241 of the GROVER embedding
feat_1242,float,,Feature 1242 of the GROVER embedding
feat_1243,float,,Feature 1243 of the GROVER embedding
feat_1244,float,,Feature 1244 of the GROVER embedding
feat_1245,float,,Feature 1245 of the GROVER embedding
feat_1246,float,,Feature 1246 of the GROVER embedding
feat_1247,float,,Feature 1247 of the GROVER embedding
feat_1248,float,,Feature 1248 of the GROVER embedding
feat_1249,float,,Feature 1249 of the GROVER embedding
feat_1250,float,,Feature 1250 of the GROVER embedding
feat_1251,float,,Feature 1251 of the GROVER embedding
feat_1252,float,,Feature 1252 of the GROVER embedding
feat_1253,float,,Feature 1253 of the GROVER embedding
feat_1254,float,,Feature 1254 of the GROVER embedding
feat_1255,float,,Feature 1255 of the GROVER embedding
feat_1256,float,,Feature 1256 of the GROVER embedding
feat_1257,float,,Feature 1257 of the GROVER embedding
feat_1258,float,,Feature 1258 of the GROVER embedding
feat_1259,float,,Feature 1259 of the GROVER embedding
feat_1260,float,,Feature 1260 of the GROVER embedding
feat_1261,float,,Feature 1261 of the GROVER embedding
feat_1262,float,,Feature 1262 of the GROVER embedding
feat_1263,float,,Feature 1263 of the GROVER embedding
feat_1264,float,,Feature 1264 of the GROVER embedding
feat_1265,float,,Feature 1265 of the GROVER embedding
feat_1266,float,,Feature 1266 of the GROVER embedding
feat_1267,float,,Feature 1267 of the GROVER embedding
feat_1268,float,,Feature 1268 of the GROVER embedding
feat_1269,float,,Feature 1269 of the GROVER embedding
feat_1270,float,,Feature 1270 of the GROVER embedding
feat_1271,float,,Feature 1271 of the GROVER embedding
feat_1272,float,,Feature 1272 of the GROVER embedding
feat_1273,float,,Feature 1273 of the GROVER embedding
feat_1274,float,,Feature 1274 of the GROVER embedding
feat_1275,float,,Feature 1275 of the GROVER embedding
feat_1276,float,,Feature 1276 of the GROVER embedding
feat_1277,float,,Feature 1277 of the GROVER embedding
feat_1278,float,,Feature 1278 of the GROVER embedding
feat_1279,float,,Feature 1279 of the GROVER embedding
feat_1280,float,,Feature 1280 of the GROVER embedding
feat_1281,float,,Feature 1281 of the GROVER embedding
feat_1282,float,,Feature 1282 of the GROVER embedding
feat_1283,float,,Feature 1283 of the GROVER embedding
feat_1284,float,,Feature 1284 of the GROVER embedding
feat_1285,float,,Feature 1285 of the GROVER embedding
feat_1286,float,,Feature 1286 of the GROVER embedding
feat_1287,float,,Feature 1287 of the GROVER embedding
feat_1288,float,,Feature 1288 of the GROVER embedding
feat_1289,float,,Feature 1289 of the GROVER embedding
feat_1290,float,,Feature 1290 of the GROVER embedding
feat_1291,float,,Feature 1291 of the GROVER embedding
feat_1292,float,,Feature 1292 of the GROVER embedding
feat_1293,float,,Feature 1293 of the GROVER embedding
feat_1294,float,,Feature 1294 of the GROVER embedding
feat_1295,float,,Feature 1295 of the GROVER embedding
feat_1296,float,,Feature 1296 of the GROVER embedding
feat_1297,float,,Feature 1297 of the GROVER embedding
feat_1298,float,,Feature 1298 of the GROVER embedding
feat_1299,float,,Feature 1299 of the GROVER embedding
feat_1300,float,,Feature 1300 of the GROVER embedding
feat_1301,float,,Feature 1301 of the GROVER embedding
feat_1302,float,,Feature 1302 of the GROVER embedding
feat_1303,float,,Feature 1303 of the GROVER embedding
feat_1304,float,,Feature 1304 of the GROVER embedding
feat_1305,float,,Feature 1305 of the GROVER embedding
feat_1306,float,,Feature 1306 of the GROVER embedding
feat_1307,float,,Feature 1307 of the GROVER embedding
feat_1308,float,,Feature 1308 of the GROVER embedding
feat_1309,float,,Feature 1309 of the GROVER embedding
feat_1310,float,,Feature 1310 of the GROVER embedding
feat_1311,float,,Feature 1311 of the GROVER embedding
feat_1312,float,,Feature 1312 of the GROVER embedding
feat_1313,float,,Feature 1313 of the GROVER embedding
feat_1314,float,,Feature 1314 of the GROVER embedding
feat_1315,float,,Feature 1315 of the GROVER embedding
feat_1316,float,,Feature 1316 of the GROVER embedding
feat_1317,float,,Feature 1317 of the GROVER embedding
feat_1318,float,,Feature 1318 of the GROVER embedding
feat_1319,float,,Feature 1319 of the GROVER embedding
feat_1320,float,,Feature 1320 of the GROVER embedding
feat_1321,float,,Feature 1321 of the GROVER embedding
feat_1322,float,,Feature 1322 of the GROVER embedding
feat_1323,float,,Feature 1323 of the GROVER embedding
feat_1324,float,,Feature 1324 of the GROVER embedding
feat_1325,float,,Feature 1325 of the GROVER embedding
feat_1326,float,,Feature 1326 of the GROVER embedding
feat_1327,float,,Feature 1327 of the GROVER embedding
feat_1328,float,,Feature 1328 of the GROVER embedding
feat_1329,float,,Feature 1329 of the GROVER embedding
feat_1330,float,,Feature 1330 of the GROVER embedding
feat_1331,float,,Feature 1331 of the GROVER embedding
feat_1332,float,,Feature 1332 of the GROVER embedding
feat_1333,float,,Feature 1333 of the GROVER embedding
feat_1334,float,,Feature 1334 of the GROVER embedding
feat_1335,float,,Feature 1335 of the GROVER embedding
feat_1336,float,,Feature 1336 of the GROVER embedding
feat_1337,float,,Feature 1337 of the GROVER embedding
feat_1338,float,,Feature 1338 of the GROVER embedding
feat_1339,float,,Feature 1339 of the GROVER embedding
feat_1340,float,,Feature 1340 of the GROVER embedding
feat_1341,float,,Feature 1341 of the GROVER embedding
feat_1342,float,,Feature 1342 of the GROVER embedding
feat_1343,float,,Feature 1343 of the GROVER embedding
feat_1344,float,,Feature 1344 of the GROVER embedding
feat_1345,float,,Feature 1345 of the GROVER embedding
feat_1346,float,,Feature 1346 of the GROVER embedding
feat_1347,float,,Feature 1347 of the GROVER embedding
feat_1348,float,,Feature 1348 of the GROVER embedding
feat_1349,float,,Feature 1349 of the GROVER embedding
feat_1350,float,,Feature 1350 of the GROVER embedding
feat_1351,float,,Feature 1351 of the GROVER embedding
feat_1352,float,,Feature 1352 of the GROVER embedding
feat_1353,float,,Feature 1353 of the GROVER embedding
feat_1354,float,,Feature 1354 of the GROVER embedding
feat_1355,float,,Feature 1355 of the GROVER embedding
feat_1356,float,,Feature 1356 of the GROVER embedding
feat_1357,float,,Feature 1357 of the GROVER embedding
feat_1358,float,,Feature 1358 of the GROVER embedding
feat_1359,float,,Feature 1359 of the GROVER embedding
feat_1360,float,,Feature 1360 of the GROVER embedding
feat_1361,float,,Feature 1361 of the GROVER embedding
feat_1362,float,,Feature 1362 of the GROVER embedding
feat_1363,float,,Feature 1363 of the GROVER embedding
feat_1364,float,,Feature 1364 of the GROVER embedding
feat_1365,float,,Feature 1365 of the GROVER embedding
feat_1366,float,,Feature 1366 of the GROVER embedding
feat_1367,float,,Feature 1367 of the GROVER embedding
feat_1368,float,,Feature 1368 of the GROVER embedding
feat_1369,float,,Feature 1369 of the GROVER embedding
feat_1370,float,,Feature 1370 of the GROVER embedding
feat_1371,float,,Feature 1371 of the GROVER embedding
feat_1372,float,,Feature 1372 of the GROVER embedding
feat_1373,float,,Feature 1373 of the GROVER embedding
feat_1374,float,,Feature 1374 of the GROVER embedding
feat_1375,float,,Feature 1375 of the GROVER embedding
feat_1376,float,,Feature 1376 of the GROVER embedding
feat_1377,float,,Feature 1377 of the GROVER embedding
feat_1378,float,,Feature 1378 of the GROVER embedding
feat_1379,float,,Feature 1379 of the GROVER embedding
feat_1380,float,,Feature 1380 of the GROVER embedding
feat_1381,float,,Feature 1381 of the GROVER embedding
feat_1382,float,,Feature 1382 of the GROVER embedding
feat_1383,float,,Feature 1383 of the GROVER embedding
feat_1384,float,,Feature 1384 of the GROVER embedding
feat_1385,float,,Feature 1385 of the GROVER embedding
feat_1386,float,,Feature 1386 of the GROVER embedding
feat_1387,float,,Feature 1387 of the GROVER embedding
feat_1388,float,,Feature 1388 of the GROVER embedding
feat_1389,float,,Feature 1389 of the GROVER embedding
feat_1390,float,,Feature 1390 of the GROVER embedding
feat_1391,float,,Feature 1391 of the GROVER embedding
feat_1392,float,,Feature 1392 of the GROVER embedding
feat_1393,float,,Feature 1393 of the GROVER embedding
feat_1394,float,,Feature 1394 of the GROVER embedding
feat_1395,float,,Feature 1395 of the GROVER embedding
feat_1396,float,,Feature 1396 of the GROVER embedding
feat_1397,float,,Feature 1397 of the GROVER embedding
feat_1398,float,,Feature 1398 of the GROVER embedding
feat_1399,float,,Feature 1399 of the GROVER embedding
feat_1400,float,,Feature 1400 of the GROVER embedding
feat_1401,float,,Feature 1401 of the GROVER embedding
feat_1402,float,,Feature 1402 of the GROVER embedding
feat_1403,float,,Feature 1403 of the GROVER embedding
feat_1404,float,,Feature 1404 of the GROVER embedding
feat_1405,float,,Feature 1405 of the GROVER embedding
feat_1406,float,,Feature 1406 of the GROVER embedding
feat_1407,float,,Feature 1407 of the GROVER embedding
feat_1408,float,,Feature 1408 of the GROVER embedding
feat_1409,float,,Feature 1409 of the GROVER embedding
feat_1410,float,,Feature 1410 of the GROVER embedding
feat_1411,float,,Feature 1411 of the GROVER embedding
feat_1412,float,,Feature 1412 of the GROVER embedding
feat_1413,float,,Feature 1413 of the GROVER embedding
feat_1414,float,,Feature 1414 of the GROVER embedding
feat_1415,float,,Feature 1415 of the GROVER embedding
feat_1416,float,,Feature 1416 of the GROVER embedding
feat_1417,float,,Feature 1417 of the GROVER embedding
feat_1418,float,,Feature 1418 of the GROVER embedding
feat_1419,float,,Feature 1419 of the GROVER embedding
feat_1420,float,,Feature 1420 of the GROVER embedding
feat_1421,float,,Feature 1421 of the GROVER embedding
feat_1422,float,,Feature 1422 of the GROVER embedding
feat_1423,float,,Feature 1423 of the GROVER embedding
feat_1424,float,,Feature 1424 of the GROVER embedding
feat_1425,float,,Feature 1425 of the GROVER embedding
feat_1426,float,,Feature 1426 of the GROVER embedding
feat_1427,float,,Feature 1427 of the GROVER embedding
feat_1428,float,,Feature 1428 of the GROVER embedding
feat_1429,float,,Feature 1429 of the GROVER embedding
feat_1430,float,,Feature 1430 of the GROVER embedding
feat_1431,float,,Feature 1431 of the GROVER embedding
feat_1432,float,,Feature 1432 of the GROVER embedding
feat_1433,float,,Feature 1433 of the GROVER embedding
feat_1434,float,,Feature 1434 of the GROVER embedding
feat_1435,float,,Feature 1435 of the GROVER embedding
feat_1436,float,,Feature 1436 of the GROVER embedding
feat_1437,float,,Feature 1437 of the GROVER embedding
feat_1438,float,,Feature 1438 of the GROVER embedding
feat_1439,float,,Feature 1439 of the GROVER embedding
feat_1440,float,,Feature 1440 of the GROVER embedding
feat_1441,float,,Feature 1441 of the GROVER embedding
feat_1442,float,,Feature 1442 of the GROVER embedding
feat_1443,float,,Feature 1443 of the GROVER embedding
feat_1444,float,,Feature 1444 of the GROVER embedding
feat_1445,float,,Feature 1445 of the GROVER embedding
feat_1446,float,,Feature 1446 of the GROVER embedding
feat_1447,float,,Feature 1447 of the GROVER embedding
feat_1448,float,,Feature 1448 of the GROVER embedding
feat_1449,float,,Feature 1449 of the GROVER embedding
feat_1450,float,,Feature 1450 of the GROVER embedding
feat_1451,float,,Feature 1451 of the GROVER embedding
feat_1452,float,,Feature 1452 of the GROVER embedding
feat_1453,float,,Feature 1453 of the GROVER embedding
feat_1454,float,,Feature 1454 of the GROVER embedding
feat_1455,float,,Feature 1455 of the GROVER embedding
feat_1456,float,,Feature 1456 of the GROVER embedding
feat_1457,float,,Feature 1457 of the GROVER embedding
feat_1458,float,,Feature 1458 of the GROVER embedding
feat_1459,float,,Feature 1459 of the GROVER embedding
feat_1460,float,,Feature 1460 of the GROVER embedding
feat_1461,float,,Feature 1461 of the GROVER embedding
feat_1462,float,,Feature 1462 of the GROVER embedding
feat_1463,float,,Feature 1463 of the GROVER embedding
feat_1464,float,,Feature 1464 of the GROVER embedding
feat_1465,float,,Feature 1465 of the GROVER embedding
feat_1466,float,,Feature 1466 of the GROVER embedding
feat_1467,float,,Feature 1467 of the GROVER embedding
feat_1468,float,,Feature 1468 of the GROVER embedding
feat_1469,float,,Feature 1469 of the GROVER embedding
feat_1470,float,,Feature 1470 of the GROVER embedding
feat_1471,float,,Feature 1471 of the GROVER embedding
feat_1472,float,,Feature 1472 of the GROVER embedding
feat_1473,float,,Feature 1473 of the GROVER embedding
feat_1474,float,,Feature 1474 of the GROVER embedding
feat_1475,float,,Feature 1475 of the GROVER embedding
feat_1476,float,,Feature 1476 of the GROVER embedding
feat_1477,float,,Feature 1477 of the GROVER embedding
feat_1478,float,,Feature 1478 of the GROVER embedding
feat_1479,float,,Feature 1479 of the GROVER embedding
feat_1480,float,,Feature 1480 of the GROVER embedding
feat_1481,float,,Feature 1481 of the GROVER embedding
feat_1482,float,,Feature 1482 of the GROVER embedding
feat_1483,float,,Feature 1483 of the GROVER embedding
feat_1484,float,,Feature 1484 of the GROVER embedding
feat_1485,float,,Feature 1485 of the GROVER embedding
feat_1486,float,,Feature 1486 of the GROVER embedding
feat_1487,float,,Feature 1487 of the GROVER embedding
feat_1488,float,,Feature 1488 of the GROVER embedding
feat_1489,float,,Feature 1489 of the GROVER embedding
feat_1490,float,,Feature 1490 of the GROVER embedding
feat_1491,float,,Feature 1491 of the GROVER embedding
feat_1492,float,,Feature 1492 of the GROVER embedding
feat_1493,float,,Feature 1493 of the GROVER embedding
feat_1494,float,,Feature 1494 of the GROVER embedding
feat_1495,float,,Feature 1495 of the GROVER embedding
feat_1496,float,,Feature 1496 of the GROVER embedding
feat_1497,float,,Feature 1497 of the GROVER embedding
feat_1498,float,,Feature 1498 of the GROVER embedding
feat_1499,float,,Feature 1499 of the GROVER embedding
feat_1500,float,,Feature 1500 of the GROVER embedding
feat_1501,float,,Feature 1501 of the GROVER embedding
feat_1502,float,,Feature 1502 of the GROVER embedding
feat_1503,float,,Feature 1503 of the GROVER embedding
feat_1504,float,,Feature 1504 of the GROVER embedding
feat_1505,float,,Feature 1505 of the GROVER embedding
feat_1506,float,,Feature 1506 of the GROVER embedding
feat_1507,float,,Feature 1507 of the GROVER embedding
feat_1508,float,,Feature 1508 of the GROVER embedding
feat_1509,float,,Feature 1509 of the GROVER embedding
feat_1510,float,,Feature 1510 of the GROVER embedding
feat_1511,float,,Feature 1511 of the GROVER embedding
feat_1512,float,,Feature 1512 of the GROVER embedding
feat_1513,float,,Feature 1513 of the GROVER embedding
feat_1514,float,,Feature 1514 of the GROVER embedding
feat_1515,float,,Feature 1515 of the GROVER embedding
feat_1516,float,,Feature 1516 of the GROVER embedding
feat_1517,float,,Feature 1517 of the GROVER embedding
feat_1518,float,,Feature 1518 of the GROVER embedding
feat_1519,float,,Feature 1519 of the GROVER embedding
feat_1520,float,,Feature 1520 of the GROVER embedding
feat_1521,float,,Feature 1521 of the GROVER embedding
feat_1522,float,,Feature 1522 of the GROVER embedding
feat_1523,float,,Feature 1523 of the GROVER embedding
feat_1524,float,,Feature 1524 of the GROVER embedding
feat_1525,float,,Feature 1525 of the GROVER embedding
feat_1526,float,,Feature 1526 of the GROVER embedding
feat_1527,float,,Feature 1527 of the GROVER embedding
feat_1528,float,,Feature 1528 of the GROVER embedding
feat_1529,float,,Feature 1529 of the GROVER embedding
feat_1530,float,,Feature 1530 of the GROVER embedding
feat_1531,float,,Feature 1531 of the GROVER embedding
feat_1532,float,,Feature 1532 of the GROVER embedding
feat_1533,float,,Feature 1533 of the GROVER embedding
feat_1534,float,,Feature 1534 of the GROVER embedding
feat_1535,float,,Feature 1535 of the GROVER embedding
feat_1536,float,,Feature 1536 of the GROVER embedding
feat_1537,float,,Feature 1537 of the GROVER embedding
feat_1538,float,,Feature 1538 of the GROVER embedding
feat_1539,float,,Feature 1539 of the GROVER embedding
feat_1540,float,,Feature 1540 of the GROVER embedding
feat_1541,float,,Feature 1541 of the GROVER embedding
feat_1542,float,,Feature 1542 of the GROVER embedding
feat_1543,float,,Feature 1543 of the GROVER embedding
feat_1544,float,,Feature 1544 of the GROVER embedding
feat_1545,float,,Feature 1545 of the GROVER embedding
feat_1546,float,,Feature 1546 of the GROVER embedding
feat_1547,float,,Feature 1547 of the GROVER embedding
feat_1548,float,,Feature 1548 of the GROVER embedding
feat_1549,float,,Feature 1549 of the GROVER embedding
feat_1550,float,,Feature 1550 of the GROVER embedding
feat_1551,float,,Feature 1551 of the GROVER embedding
feat_1552,float,,Feature 1552 of the GROVER embedding
feat_1553,float,,Feature 1553 of the GROVER embedding
feat_1554,float,,Feature 1554 of the GROVER embedding
feat_1555,float,,Feature 1555 of the GROVER embedding
feat_1556,float,,Feature 1556 of the GROVER embedding
feat_1557,float,,Feature 1557 of the GROVER embedding
feat_1558,float,,Feature 1558 of the GROVER embedding
feat_1559,float,,Feature 1559 of the GROVER embedding
feat_1560,float,,Feature 1560 of the GROVER embedding
feat_1561,float,,Feature 1561 of the GROVER embedding
feat_1562,float,,Feature 1562 of the GROVER embedding
feat_1563,float,,Feature 1563 of the GROVER embedding
feat_1564,float,,Feature 1564 of the GROVER embedding
feat_1565,float,,Feature 1565 of the GROVER embedding
feat_1566,float,,Feature 1566 of the GROVER embedding
feat_1567,float,,Feature 1567 of the GROVER embedding
feat_1568,float,,Feature 1568 of the GROVER embedding
feat_1569,float,,Feature 1569 of the GROVER embedding
feat_1570,float,,Feature 1570 of the GROVER embedding
feat_1571,float,,Feature 1571 of the GROVER embedding
feat_1572,float,,Feature 1572 of the GROVER embedding
feat_1573,float,,Feature 1573 of the GROVER embedding
feat_1574,float,,Feature 1574 of the GROVER embedding
feat_1575,float,,Feature 1575 of the GROVER embedding
feat_1576,float,,Feature 1576 of the GROVER embedding
feat_1577,float,,Feature 1577 of the GROVER embedding
feat_1578,float,,Feature 1578 of the GROVER embedding
feat_1579,float,,Feature 1579 of the GROVER embedding
feat_1580,float,,Feature 1580 of the GROVER embedding
feat_1581,float,,Feature 1581 of the GROVER embedding
feat_1582,float,,Feature 1582 of the GROVER embedding
feat_1583,float,,Feature 1583 of the GROVER embedding
feat_1584,float,,Feature 1584 of the GROVER embedding
feat_1585,float,,Feature 1585 of the GROVER embedding
feat_1586,float,,Feature 1586 of the GROVER embedding
feat_1587,float,,Feature 1587 of the GROVER embedding
feat_1588,float,,Feature 1588 of the GROVER embedding
feat_1589,float,,Feature 1589 of the GROVER embedding
feat_1590,float,,Feature 1590 of the GROVER embedding
feat_1591,float,,Feature 1591 of the GROVER embedding
feat_1592,float,,Feature 1592 of the GROVER embedding
feat_1593,float,,Feature 1593 of the GROVER embedding
feat_1594,float,,Feature 1594 of the GROVER embedding
feat_1595,float,,Feature 1595 of the GROVER embedding
feat_1596,float,,Feature 1596 of the GROVER embedding
feat_1597,float,,Feature 1597 of the GROVER embedding
feat_1598,float,,Feature 1598 of the GROVER embedding
feat_1599,float,,Feature 1599 of the GROVER embedding
feat_1600,float,,Feature 1600 of the GROVER embedding
feat_1601,float,,Feature 1601 of the GROVER embedding
feat_1602,float,,Feature 1602 of the GROVER embedding
feat_1603,float,,Feature 1603 of the GROVER embedding
feat_1604,float,,Feature 1604 of the GROVER embedding
feat_1605,float,,Feature 1605 of the GROVER embedding
feat_1606,float,,Feature 1606 of the GROVER embedding
feat_1607,float,,Feature 1607 of the GROVER embedding
feat_1608,float,,Feature 1608 of the GROVER embedding
feat_1609,float,,Feature 1609 of the GROVER embedding
feat_1610,float,,Feature 1610 of the GROVER embedding
feat_1611,float,,Feature 1611 of the GROVER embedding
feat_1612,float,,Feature 1612 of the GROVER embedding
feat_1613,float,,Feature 1613 of the GROVER embedding
feat_1614,float,,Feature 1614 of the GROVER embedding
feat_1615,float,,Feature 1615 of the GROVER embedding
feat_1616,float,,Feature 1616 of the GROVER embedding
feat_1617,float,,Feature 1617 of the GROVER embedding
feat_1618,float,,Feature 1618 of the GROVER embedding
feat_1619,float,,Feature 1619 of the GROVER embedding
feat_1620,float,,Feature 1620 of the GROVER embedding
feat_1621,float,,Feature 1621 of the GROVER embedding
feat_1622,float,,Feature 1622 of the GROVER embedding
feat_1623,float,,Feature 1623 of the GROVER embedding
feat_1624,float,,Feature 1624 of the GROVER embedding
feat_1625,float,,Feature 1625 of the GROVER embedding
feat_1626,float,,Feature 1626 of the GROVER embedding
feat_1627,float,,Feature 1627 of the GROVER embedding
feat_1628,float,,Feature 1628 of the GROVER embedding
feat_1629,float,,Feature 1629 of the GROVER embedding
feat_1630,float,,Feature 1630 of the GROVER embedding
feat_1631,float,,Feature 1631 of the GROVER embedding
feat_1632,float,,Feature 1632 of the GROVER embedding
feat_1633,float,,Feature 1633 of the GROVER embedding
feat_1634,float,,Feature 1634 of the GROVER embedding
feat_1635,float,,Feature 1635 of the GROVER embedding
feat_1636,float,,Feature 1636 of the GROVER embedding
feat_1637,float,,Feature 1637 of the GROVER embedding
feat_1638,float,,Feature 1638 of the GROVER embedding
feat_1639,float,,Feature 1639 of the GROVER embedding
feat_1640,float,,Feature 1640 of the GROVER embedding
feat_1641,float,,Feature 1641 of the GROVER embedding
feat_1642,float,,Feature 1642 of the GROVER embedding
feat_1643,float,,Feature 1643 of the GROVER embedding
feat_1644,float,,Feature 1644 of the GROVER embedding
feat_1645,float,,Feature 1645 of the GROVER embedding
feat_1646,float,,Feature 1646 of the GROVER embedding
feat_1647,float,,Feature 1647 of the GROVER embedding
feat_1648,float,,Feature 1648 of the GROVER embedding
feat_1649,float,,Feature 1649 of the GROVER embedding
feat_1650,float,,Feature 1650 of the GROVER embedding
feat_1651,float,,Feature 1651 of the GROVER embedding
feat_1652,float,,Feature 1652 of the GROVER embedding
feat_1653,float,,Feature 1653 of the GROVER embedding
feat_1654,float,,Feature 1654 of the GROVER embedding
feat_1655,float,,Feature 1655 of the GROVER embedding
feat_1656,float,,Feature 1656 of the GROVER embedding
feat_1657,float,,Feature 1657 of the GROVER embedding
feat_1658,float,,Feature 1658 of the GROVER embedding
feat_1659,float,,Feature 1659 of the GROVER embedding
feat_1660,float,,Feature 1660 of the GROVER embedding
feat_1661,float,,Feature 1661 of the GROVER embedding
feat_1662,float,,Feature 1662 of the GROVER embedding
feat_1663,float,,Feature 1663 of the GROVER embedding
feat_1664,float,,Feature 1664 of the GROVER embedding
feat_1665,float,,Feature 1665 of the GROVER embedding
feat_1666,float,,Feature 1666 of the GROVER embedding
feat_1667,float,,Feature 1667 of the GROVER embedding
feat_1668,float,,Feature 1668 of the GROVER embedding
feat_1669,float,,Feature 1669 of the GROVER embedding
feat_1670,float,,Feature 1670 of the GROVER embedding
feat_1671,float,,Feature 1671 of the GROVER embedding
feat_1672,float,,Feature 1672 of the GROVER embedding
feat_1673,float,,Feature 1673 of the GROVER embedding
feat_1674,float,,Feature 1674 of the GROVER embedding
feat_1675,float,,Feature 1675 of the GROVER embedding
feat_1676,float,,Feature 1676 of the GROVER embedding
feat_1677,float,,Feature 1677 of the GROVER embedding
feat_1678,float,,Feature 1678 of the GROVER embedding
feat_1679,float,,Feature 1679 of the GROVER embedding
feat_1680,float,,Feature 1680 of the GROVER embedding
feat_1681,float,,Feature 1681 of the GROVER embedding
feat_1682,float,,Feature 1682 of the GROVER embedding
feat_1683,float,,Feature 1683 of the GROVER embedding
feat_1684,float,,Feature 1684 of the GROVER embedding
feat_1685,float,,Feature 1685 of the GROVER embedding
feat_1686,float,,Feature 1686 of the GROVER embedding
feat_1687,float,,Feature 1687 of the GROVER embedding
feat_1688,float,,Feature 1688 of the GROVER embedding
feat_1689,float,,Feature 1689 of the GROVER embedding
feat_1690,float,,Feature 1690 of the GROVER embedding
feat_1691,float,,Feature 1691 of the GROVER embedding
feat_1692,float,,Feature 1692 of the GROVER embedding
feat_1693,float,,Feature 1693 of the GROVER embedding
feat_1694,float,,Feature 1694 of the GROVER embedding
feat_1695,float,,Feature 1695 of the GROVER embedding
feat_1696,float,,Feature 1696 of the GROVER embedding
feat_1697,float,,Feature 1697 of the GROVER embedding
feat_1698,float,,Feature 1698 of the GROVER embedding
feat_1699,float,,Feature 1699 of the GROVER embedding
feat_1700,float,,Feature 1700 of the GROVER embedding
feat_1701,float,,Feature 1701 of the GROVER embedding
feat_1702,float,,Feature 1702 of the GROVER embedding
feat_1703,float,,Feature 1703 of the GROVER embedding
feat_1704,float,,Feature 1704 of the GROVER embedding
feat_1705,float,,Feature 1705 of the GROVER embedding
feat_1706,float,,Feature 1706 of the GROVER embedding
feat_1707,float,,Feature 1707 of the GROVER embedding
feat_1708,float,,Feature 1708 of the GROVER embedding
feat_1709,float,,Feature 1709 of the GROVER embedding
feat_1710,float,,Feature 1710 of the GROVER embedding
feat_1711,float,,Feature 1711 of the GROVER embedding
feat_1712,float,,Feature 1712 of the GROVER embedding
feat_1713,float,,Feature 1713 of the GROVER embedding
feat_1714,float,,Feature 1714 of the GROVER embedding
feat_1715,float,,Feature 1715 of the GROVER embedding
feat_1716,float,,Feature 1716 of the GROVER embedding
feat_1717,float,,Feature 1717 of the GROVER embedding
feat_1718,float,,Feature 1718 of the GROVER embedding
feat_1719,float,,Feature 1719 of the GROVER embedding
feat_1720,float,,Feature 1720 of the GROVER embedding
feat_1721,float,,Feature 1721 of the GROVER embedding
feat_1722,float,,Feature 1722 of the GROVER embedding
feat_1723,float,,Feature 1723 of the GROVER embedding
feat_1724,float,,Feature 1724 of the GROVER embedding
feat_1725,float,,Feature 1725 of the GROVER embedding
feat_1726,float,,Feature 1726 of the GROVER embedding
feat_1727,float,,Feature 1727 of the GROVER embedding
feat_1728,float,,Feature 1728 of the GROVER embedding
feat_1729,float,,Feature 1729 of the GROVER embedding
feat_1730,float,,Feature 1730 of the GROVER embedding
feat_1731,float,,Feature 1731 of the GROVER embedding
feat_1732,float,,Feature 1732 of the GROVER embedding
feat_1733,float,,Feature 1733 of the GROVER embedding
feat_1734,float,,Feature 1734 of the GROVER embedding
feat_1735,float,,Feature 1735 of the GROVER embedding
feat_1736,float,,Feature 1736 of the GROVER embedding
feat_1737,float,,Feature 1737 of the GROVER embedding
feat_1738,float,,Feature 1738 of the GROVER embedding
feat_1739,float,,Feature 1739 of the GROVER embedding
feat_1740,float,,Feature 1740 of the GROVER embedding
feat_1741,float,,Feature 1741 of the GROVER embedding
feat_1742,float,,Feature 1742 of the GROVER embedding
feat_1743,float,,Feature 1743 of the GROVER embedding
feat_1744,float,,Feature 1744 of the GROVER embedding
feat_1745,float,,Feature 1745 of the GROVER embedding
feat_1746,float,,Feature 1746 of the GROVER embedding
feat_1747,float,,Feature 1747 of the GROVER embedding
feat_1748,float,,Feature 1748 of the GROVER embedding
feat_1749,float,,Feature 1749 of the GROVER embedding
feat_1750,float,,Feature 1750 of the GROVER embedding
feat_1751,float,,Feature 1751 of the GROVER embedding
feat_1752,float,,Feature 1752 of the GROVER embedding
feat_1753,float,,Feature 1753 of the GROVER embedding
feat_1754,float,,Feature 1754 of the GROVER embedding
feat_1755,float,,Feature 1755 of the GROVER embedding
feat_1756,float,,Feature 1756 of the GROVER embedding
feat_1757,float,,Feature 1757 of the GROVER embedding
feat_1758,float,,Feature 1758 of the GROVER embedding
feat_1759,float,,Feature 1759 of the GROVER embedding
feat_1760,float,,Feature 1760 of the GROVER embedding
feat_1761,float,,Feature 1761 of the GROVER embedding
feat_1762,float,,Feature 1762 of the GROVER embedding
feat_1763,float,,Feature 1763 of the GROVER embedding
feat_1764,float,,Feature 1764 of the GROVER embedding
feat_1765,float,,Feature 1765 of the GROVER embedding
feat_1766,float,,Feature 1766 of the GROVER embedding
feat_1767,float,,Feature 1767 of the GROVER embedding
feat_1768,float,,Feature 1768 of the GROVER embedding
feat_1769,float,,Feature 1769 of the GROVER embedding
feat_1770,float,,Feature 1770 of the GROVER embedding
feat_1771,float,,Feature 1771 of the GROVER embedding
feat_1772,float,,Feature 1772 of the GROVER embedding
feat_1773,float,,Feature 1773 of the GROVER embedding
feat_1774,float,,Feature 1774 of the GROVER embedding
feat_1775,float,,Feature 1775 of the GROVER embedding
feat_1776,float,,Feature 1776 of the GROVER embedding
feat_1777,float,,Feature 1777 of the GROVER embedding
feat_1778,float,,Feature 1778 of the GROVER embedding
feat_1779,float,,Feature 1779 of the GROVER embedding
feat_1780,float,,Feature 1780 of the GROVER embedding
feat_1781,float,,Feature 1781 of the GROVER embedding
feat_1782,float,,Feature 1782 of the GROVER embedding
feat_1783,float,,Feature 1783 of the GROVER embedding
feat_1784,float,,Feature 1784 of the GROVER embedding
feat_1785,float,,Feature 1785 of the GROVER embedding
feat_1786,float,,Feature 1786 of the GROVER embedding
feat_1787,float,,Feature 1787 of the GROVER embedding
feat_1788,float,,Feature 1788 of the GROVER embedding
feat_1789,float,,Feature 1789 of the GROVER embedding
feat_1790,float,,Feature 1790 of the GROVER embedding
feat_1791,float,,Feature 1791 of the GROVER embedding
feat_1792,float,,Feature 1792 of the GROVER embedding
feat_1793,float,,Feature 1793 of the GROVER embedding
feat_1794,float,,Feature 1794 of the GROVER embedding
feat_1795,float,,Feature 1795 of the GROVER embedding
feat_1796,float,,Feature 1796 of the GROVER embedding
feat_1797,float,,Feature 1797 of the GROVER embedding
feat_1798,float,,Feature 1798 of the GROVER embedding
feat_1799,float,,Feature 1799 of the GROVER embedding
feat_1800,float,,Feature 1800 of the GROVER embedding
feat_1801,float,,Feature 1801 of the GROVER embedding
feat_1802,float,,Feature 1802 of the GROVER embedding
feat_1803,float,,Feature 1803 of the GROVER embedding
feat_1804,float,,Feature 1804 of the GROVER embedding
feat_1805,float,,Feature 1805 of the GROVER embedding
feat_1806,float,,Feature 1806 of the GROVER embedding
feat_1807,float,,Feature 1807 of the GROVER embedding
feat_1808,float,,Feature 1808 of the GROVER embedding
feat_1809,float,,Feature 1809 of the GROVER embedding
feat_1810,float,,Feature 1810 of the GROVER embedding
feat_1811,float,,Feature 1811 of the GROVER embedding
feat_1812,float,,Feature 1812 of the GROVER embedding
feat_1813,float,,Feature 1813 of the GROVER embedding
feat_1814,float,,Feature 1814 of the GROVER embedding
feat_1815,float,,Feature 1815 of the GROVER embedding
feat_1816,float,,Feature 1816 of the GROVER embedding
feat_1817,float,,Feature 1817 of the GROVER embedding
feat_1818,float,,Feature 1818 of the GROVER embedding
feat_1819,float,,Feature 1819 of the GROVER embedding
feat_1820,float,,Feature 1820 of the GROVER embedding
feat_1821,float,,Feature 1821 of the GROVER embedding
feat_1822,float,,Feature 1822 of the GROVER embedding
feat_1823,float,,Feature 1823 of the GROVER embedding
feat_1824,float,,Feature 1824 of the GROVER embedding
feat_1825,float,,Feature 1825 of the GROVER embedding
feat_1826,float,,Feature 1826 of the GROVER embedding
feat_1827,float,,Feature 1827 of the GROVER embedding
feat_1828,float,,Feature 1828 of the GROVER embedding
feat_1829,float,,Feature 1829 of the GROVER embedding
feat_1830,float,,Feature 1830 of the GROVER embedding
feat_1831,float,,Feature 1831 of the GROVER embedding
feat_1832,float,,Feature 1832 of the GROVER embedding
feat_1833,float,,Feature 1833 of the GROVER embedding
feat_1834,float,,Feature 1834 of the GROVER embedding
feat_1835,float,,Feature 1835 of the GROVER embedding
feat_1836,float,,Feature 1836 of the GROVER embedding
feat_1837,float,,Feature 1837 of the GROVER embedding
feat_1838,float,,Feature 1838 of the GROVER embedding
feat_1839,float,,Feature 1839 of the GROVER embedding
feat_1840,float,,Feature 1840 of the GROVER embedding
feat_1841,float,,Feature 1841 of the GROVER embedding
feat_1842,float,,Feature 1842 of the GROVER embedding
feat_1843,float,,Feature 1843 of the GROVER embedding
feat_1844,float,,Feature 1844 of the GROVER embedding
feat_1845,float,,Feature 1845 of the GROVER embedding
feat_1846,float,,Feature 1846 of the GROVER embedding
feat_1847,float,,Feature 1847 of the GROVER embedding
feat_1848,float,,Feature 1848 of the GROVER embedding
feat_1849,float,,Feature 1849 of the GROVER embedding
feat_1850,float,,Feature 1850 of the GROVER embedding
feat_1851,float,,Feature 1851 of the GROVER embedding
feat_1852,float,,Feature 1852 of the GROVER embedding
feat_1853,float,,Feature 1853 of the GROVER embedding
feat_1854,float,,Feature 1854 of the GROVER embedding
feat_1855,float,,Feature 1855 of the GROVER embedding
feat_1856,float,,Feature 1856 of the GROVER embedding
feat_1857,float,,Feature 1857 of the GROVER embedding
feat_1858,float,,Feature 1858 of the GROVER embedding
feat_1859,float,,Feature 1859 of the GROVER embedding
feat_1860,float,,Feature 1860 of the GROVER embedding
feat_1861,float,,Feature 1861 of the GROVER embedding
feat_1862,float,,Feature 1862 of the GROVER embedding
feat_1863,float,,Feature 1863 of the GROVER embedding
feat_1864,float,,Feature 1864 of the GROVER embedding
feat_1865,float,,Feature 1865 of the GROVER embedding
feat_1866,float,,Feature 1866 of the GROVER embedding
feat_1867,float,,Feature 1867 of the GROVER embedding
feat_1868,float,,Feature 1868 of the GROVER embedding
feat_1869,float,,Feature 1869 of the GROVER embedding
feat_1870,float,,Feature 1870 of the GROVER embedding
feat_1871,float,,Feature 1871 of the GROVER embedding
feat_1872,float,,Feature 1872 of the GROVER embedding
feat_1873,float,,Feature 1873 of the GROVER embedding
feat_1874,float,,Feature 1874 of the GROVER embedding
feat_1875,float,,Feature 1875 of the GROVER embedding
feat_1876,float,,Feature 1876 of the GROVER embedding
feat_1877,float,,Feature 1877 of the GROVER embedding
feat_1878,float,,Feature 1878 of the GROVER embedding
feat_1879,float,,Feature 1879 of the GROVER embedding
feat_1880,float,,Feature 1880 of the GROVER embedding
feat_1881,float,,Feature 1881 of the GROVER embedding
feat_1882,float,,Feature 1882 of the GROVER embedding
feat_1883,float,,Feature 1883 of the GROVER embedding
feat_1884,float,,Feature 1884 of the GROVER embedding
feat_1885,float,,Feature 1885 of the GROVER embedding
feat_1886,float,,Feature 1886 of the GROVER embedding
feat_1887,float,,Feature 1887 of the GROVER embedding
feat_1888,float,,Feature 1888 of the GROVER embedding
feat_1889,float,,Feature 1889 of the GROVER embedding
feat_1890,float,,Feature 1890 of the GROVER embedding
feat_1891,float,,Feature 1891 of the GROVER embedding
feat_1892,float,,Feature 1892 of the GROVER embedding
feat_1893,float,,Feature 1893 of the GROVER embedding
feat_1894,float,,Feature 1894 of the GROVER embedding
feat_1895,float,,Feature 1895 of the GROVER embedding
feat_1896,float,,Feature 1896 of the GROVER embedding
feat_1897,float,,Feature 1897 of the GROVER embedding
feat_1898,float,,Feature 1898 of the GROVER embedding
feat_1899,float,,Feature 1899 of the GROVER embedding
feat_1900,float,,Feature 1900 of the GROVER embedding
feat_1901,float,,Feature 1901 of the GROVER embedding
feat_1902,float,,Feature 1902 of the GROVER embedding
feat_1903,float,,Feature 1903 of the GROVER embedding
feat_1904,float,,Feature 1904 of the GROVER embedding
feat_1905,float,,Feature 1905 of the GROVER embedding
feat_1906,float,,Feature 1906 of the GROVER embedding
feat_1907,float,,Feature 1907 of the GROVER embedding
feat_1908,float,,Feature 1908 of the GROVER embedding
feat_1909,float,,Feature 1909 of the GROVER embedding
feat_1910,float,,Feature 1910 of the GROVER embedding
feat_1911,float,,Feature 1911 of the GROVER embedding
feat_1912,float,,Feature 1912 of the GROVER embedding
feat_1913,float,,Feature 1913 of the GROVER embedding
feat_1914,float,,Feature 1914 of the GROVER embedding
feat_1915,float,,Feature 1915 of the GROVER embedding
feat_1916,float,,Feature 1916 of the GROVER embedding
feat_1917,float,,Feature 1917 of the GROVER embedding
feat_1918,float,,Feature 1918 of the GROVER embedding
feat_1919,float,,Feature 1919 of the GROVER embedding
feat_1920,float,,Feature 1920 of the GROVER embedding
feat_1921,float,,Feature 1921 of the GROVER embedding
feat_1922,float,,Feature 1922 of the GROVER embedding
feat_1923,float,,Feature 1923 of the GROVER embedding
feat_1924,float,,Feature 1924 of the GROVER embedding
feat_1925,float,,Feature 1925 of the GROVER embedding
feat_1926,float,,Feature 1926 of the GROVER embedding
feat_1927,float,,Feature 1927 of the GROVER embedding
feat_1928,float,,Feature 1928 of the GROVER embedding
feat_1929,float,,Feature 1929 of the GROVER embedding
feat_1930,float,,Feature 1930 of the GROVER embedding
feat_1931,float,,Feature 1931 of the GROVER embedding
feat_1932,float,,Feature 1932 of the GROVER embedding
feat_1933,float,,Feature 1933 of the GROVER embedding
feat_1934,float,,Feature 1934 of the GROVER embedding
feat_1935,float,,Feature 1935 of the GROVER embedding
feat_1936,float,,Feature 1936 of the GROVER embedding
feat_1937,float,,Feature 1937 of the GROVER embedding
feat_1938,float,,Feature 1938 of the GROVER embedding
feat_1939,float,,Feature 1939 of the GROVER embedding
feat_1940,float,,Feature 1940 of the GROVER embedding
feat_1941,float,,Feature 1941 of the GROVER embedding
feat_1942,float,,Feature 1942 of the GROVER embedding
feat_1943,float,,Feature 1943 of the GROVER embedding
feat_1944,float,,Feature 1944 of the GROVER embedding
feat_1945,float,,Feature 1945 of the GROVER embedding
feat_1946,float,,Feature 1946 of the GROVER embedding
feat_1947,float,,Feature 1947 of the GROVER embedding
feat_1948,float,,Feature 1948 of the GROVER embedding
feat_1949,float,,Feature 1949 of the GROVER embedding
feat_1950,float,,Feature 1950 of the GROVER embedding
feat_1951,float,,Feature 1951 of the GROVER embedding
feat_1952,float,,Feature 1952 of the GROVER embedding
feat_1953,float,,Feature 1953 of the GROVER embedding
feat_1954,float,,Feature 1954 of the GROVER embedding
feat_1955,float,,Feature 1955 of the GROVER embedding
feat_1956,float,,Feature 1956 of the GROVER embedding
feat_1957,float,,Feature 1957 of the GROVER embedding
feat_1958,float,,Feature 1958 of the GROVER embedding
feat_1959,float,,Feature 1959 of the GROVER embedding
feat_1960,float,,Feature 1960 of the GROVER embedding
feat_1961,float,,Feature 1961 of the GROVER embedding
feat_1962,float,,Feature 1962 of the GROVER embedding
feat_1963,float,,Feature 1963 of the GROVER embedding
feat_1964,float,,Feature 1964 of the GROVER embedding
feat_1965,float,,Feature 1965 of the GROVER embedding
feat_1966,float,,Feature 1966 of the GROVER embedding
feat_1967,float,,Feature 1967 of the GROVER embedding
feat_1968,float,,Feature 1968 of the GROVER embedding
feat_1969,float,,Feature 1969 of the GROVER embedding
feat_1970,float,,Feature 1970 of the GROVER embedding
feat_1971,float,,Feature 1971 of the GROVER embedding
feat_1972,float,,Feature 1972 of the GROVER embedding
feat_1973,float,,Feature 1973 of the GROVER embedding
feat_1974,float,,Feature 1974 of the GROVER embedding
feat_1975,float,,Feature 1975 of the GROVER embedding
feat_1976,float,,Feature 1976 of the GROVER embedding
feat_1977,float,,Feature 1977 of the GROVER embedding
feat_1978,float,,Feature 1978 of the GROVER embedding
feat_1979,float,,Feature 1979 of the GROVER embedding
feat_1980,float,,Feature 1980 of the GROVER embedding
feat_1981,float,,Feature 1981 of the GROVER embedding
feat_1982,float,,Feature 1982 of the GROVER embedding
feat_1983,float,,Feature 1983 of the GROVER embedding
feat_1984,float,,Feature 1984 of the GROVER embedding
feat_1985,float,,Feature 1985 of the GROVER embedding
feat_1986,float,,Feature 1986 of the GROVER embedding
feat_1987,float,,Feature 1987 of the GROVER embedding
feat_1988,float,,Feature 1988 of the GROVER embedding
feat_1989,float,,Feature 1989 of the GROVER embedding
feat_1990,float,,Feature 1990 of the GROVER embedding
feat_1991,float,,Feature 1991 of the GROVER embedding
feat_1992,float,,Feature 1992 of the GROVER embedding
feat_1993,float,,Feature 1993 of the GROVER embedding
feat_1994,float,,Feature 1994 of the GROVER embedding
feat_1995,float,,Feature 1995 of the GROVER embedding
feat_1996,float,,Feature 1996 of the GROVER embedding
feat_1997,float,,Feature 1997 of the GROVER embedding
feat_1998,float,,Feature 1998 of the GROVER embedding
feat_1999,float,,Feature 1999 of the GROVER embedding
feat_2000,float,,Feature 2000 of the GROVER embedding
feat_2001,float,,Feature 2001 of the GROVER embedding
feat_2002,float,,Feature 2002 of the GROVER embedding
feat_2003,float,,Feature 2003 of the GROVER embedding
feat_2004,float,,Feature 2004 of the GROVER embedding
feat_2005,float,,Feature 2005 of the GROVER embedding
feat_2006,float,,Feature 2006 of the GROVER embedding
feat_2007,float,,Feature 2007 of the GROVER embedding
feat_2008,float,,Feature 2008 of the GROVER embedding
feat_2009,float,,Feature 2009 of the GROVER embedding
feat_2010,float,,Feature 2010 of the GROVER embedding
feat_2011,float,,Feature 2011 of the GROVER embedding
feat_2012,float,,Feature 2012 of the GROVER embedding
feat_2013,float,,Feature 2013 of the GROVER embedding
feat_2014,float,,Feature 2014 of the GROVER embedding
feat_2015,float,,Feature 2015 of the GROVER embedding
feat_2016,float,,Feature 2016 of the GROVER embedding
feat_2017,float,,Feature 2017 of the GROVER embedding
feat_2018,float,,Feature 2018 of the GROVER embedding
feat_2019,float,,Feature 2019 of the GROVER embedding
feat_2020,float,,Feature 2020 of the GROVER embedding
feat_2021,float,,Feature 2021 of the GROVER embedding
feat_2022,float,,Feature 2022 of the GROVER embedding
feat_2023,float,,Feature 2023 of the GROVER embedding
feat_2024,float,,Feature 2024 of the GROVER embedding
feat_2025,float,,Feature 2025 of the GROVER embedding
feat_2026,float,,Feature 2026 of the GROVER embedding
feat_2027,float,,Feature 2027 of the GROVER embedding
feat_2028,float,,Feature 2028 of the GROVER embedding
feat_2029,float,,Feature 2029 of the GROVER embedding
feat_2030,float,,Feature 2030 of the GROVER embedding
feat_2031,float,,Feature 2031 of the GROVER embedding
feat_2032,float,,Feature 2032 of the GROVER embedding
feat_2033,float,,Feature 2033 of the GROVER embedding
feat_2034,float,,Feature 2034 of the GROVER embedding
feat_2035,float,,Feature 2035 of the GROVER embedding
feat_2036,float,,Feature 2036 of the GROVER embedding
feat_2037,float,,Feature 2037 of the GROVER embedding
feat_2038,float,,Feature 2038 of the GROVER embedding
feat_2039,float,,Feature 2039 of the GROVER embedding
feat_2040,float,,Feature 2040 of the GROVER embedding
feat_2041,float,,Feature 2041 of the GROVER embedding
feat_2042,float,,Feature 2042 of the GROVER embedding
feat_2043,float,,Feature 2043 of the GROVER embedding
feat_2044,float,,Feature 2044 of the GROVER embedding
feat_2045,float,,Feature 2045 of the GROVER embedding
feat_2046,float,,Feature 2046 of the GROVER embedding
feat_2047,float,,Feature 2047 of the GROVER embedding
feat_2048,float,,Feature 2048 of the GROVER embedding
feat_2049,float,,Feature 2049 of the GROVER embedding
feat_2050,float,,Feature 2050 of the GROVER embedding
feat_2051,float,,Feature 2051 of the GROVER embedding
feat_2052,float,,Feature 2052 of the GROVER embedding
feat_2053,float,,Feature 2053 of the GROVER embedding
feat_2054,float,,Feature 2054 of the GROVER embedding
feat_2055,float,,Feature 2055 of the GROVER embedding
feat_2056,float,,Feature 2056 of the GROVER embedding
feat_2057,float,,Feature 2057 of the GROVER embedding
feat_2058,float,,Feature 2058 of the GROVER embedding
feat_2059,float,,Feature 2059 of the GROVER embedding
feat_2060,float,,Feature 2060 of the GROVER embedding
feat_2061,float,,Feature 2061 of the GROVER embedding
feat_2062,float,,Feature 2062 of the GROVER embedding
feat_2063,float,,Feature 2063 of the GROVER embedding
feat_2064,float,,Feature 2064 of the GROVER embedding
feat_2065,float,,Feature 2065 of the GROVER embedding
feat_2066,float,,Feature 2066 of the GROVER embedding
feat_2067,float,,Feature 2067 of the GROVER embedding
feat_2068,float,,Feature 2068 of the GROVER embedding
feat_2069,float,,Feature 2069 of the GROVER embedding
feat_2070,float,,Feature 2070 of the GROVER embedding
feat_2071,float,,Feature 2071 of the GROVER embedding
feat_2072,float,,Feature 2072 of the GROVER embedding
feat_2073,float,,Feature 2073 of the GROVER embedding
feat_2074,float,,Feature 2074 of the GROVER embedding
feat_2075,float,,Feature 2075 of the GROVER embedding
feat_2076,float,,Feature 2076 of the GROVER embedding
feat_2077,float,,Feature 2077 of the GROVER embedding
feat_2078,float,,Feature 2078 of the GROVER embedding
feat_2079,float,,Feature 2079 of the GROVER embedding
feat_2080,float,,Feature 2080 of the GROVER embedding
feat_2081,float,,Feature 2081 of the GROVER embedding
feat_2082,float,,Feature 2082 of the GROVER embedding
feat_2083,float,,Feature 2083 of the GROVER embedding
feat_2084,float,,Feature 2084 of the GROVER embedding
feat_2085,float,,Feature 2085 of the GROVER embedding
feat_2086,float,,Feature 2086 of the GROVER embedding
feat_2087,float,,Feature 2087 of the GROVER embedding
feat_2088,float,,Feature 2088 of the GROVER embedding
feat_2089,float,,Feature 2089 of the GROVER embedding
feat_2090,float,,Feature 2090 of the GROVER embedding
feat_2091,float,,Feature 2091 of the GROVER embedding
feat_2092,float,,Feature 2092 of the GROVER embedding
feat_2093,float,,Feature 2093 of the GROVER embedding
feat_2094,float,,Feature 2094 of the GROVER embedding
feat_2095,float,,Feature 2095 of the GROVER embedding
feat_2096,float,,Feature 2096 of the GROVER embedding
feat_2097,float,,Feature 2097 of the GROVER embedding
feat_2098,float,,Feature 2098 of the GROVER embedding
feat_2099,float,,Feature 2099 of the GROVER embedding
feat_2100,float,,Feature 2100 of the GROVER embedding
feat_2101,float,,Feature 2101 of the GROVER embedding
feat_2102,float,,Feature 2102 of the GROVER embedding
feat_2103,float,,Feature 2103 of the GROVER embedding
feat_2104,float,,Feature 2104 of the GROVER embedding
feat_2105,float,,Feature 2105 of the GROVER embedding
feat_2106,float,,Feature 2106 of the GROVER embedding
feat_2107,float,,Feature 2107 of the GROVER embedding
feat_2108,float,,Feature 2108 of the GROVER embedding
feat_2109,float,,Feature 2109 of the GROVER embedding
feat_2110,float,,Feature 2110 of the GROVER embedding
feat_2111,float,,Feature 2111 of the GROVER embedding
feat_2112,float,,Feature 2112 of the GROVER embedding
feat_2113,float,,Feature 2113 of the GROVER embedding
feat_2114,float,,Feature 2114 of the GROVER embedding
feat_2115,float,,Feature 2115 of the GROVER embedding
feat_2116,float,,Feature 2116 of the GROVER embedding
feat_2117,float,,Feature 2117 of the GROVER embedding
feat_2118,float,,Feature 2118 of the GROVER embedding
feat_2119,float,,Feature 2119 of the GROVER embedding
feat_2120,float,,Feature 2120 of the GROVER embedding
feat_2121,float,,Feature 2121 of the GROVER embedding
feat_2122,float,,Feature 2122 of the GROVER embedding
feat_2123,float,,Feature 2123 of the GROVER embedding
feat_2124,float,,Feature 2124 of the GROVER embedding
feat_2125,float,,Feature 2125 of the GROVER embedding
feat_2126,float,,Feature 2126 of the GROVER embedding
feat_2127,float,,Feature 2127 of the GROVER embedding
feat_2128,float,,Feature 2128 of the GROVER embedding
feat_2129,float,,Feature 2129 of the GROVER embedding
feat_2130,float,,Feature 2130 of the GROVER embedding
feat_2131,float,,Feature 2131 of the GROVER embedding
feat_2132,float,,Feature 2132 of the GROVER embedding
feat_2133,float,,Feature 2133 of the GROVER embedding
feat_2134,float,,Feature 2134 of the GROVER embedding
feat_2135,float,,Feature 2135 of the GROVER embedding
feat_2136,float,,Feature 2136 of the GROVER embedding
feat_2137,float,,Feature 2137 of the GROVER embedding
feat_2138,float,,Feature 2138 of the GROVER embedding
feat_2139,float,,Feature 2139 of the GROVER embedding
feat_2140,float,,Feature 2140 of the GROVER embedding
feat_2141,float,,Feature 2141 of the GROVER embedding
feat_2142,float,,Feature 2142 of the GROVER embedding
feat_2143,float,,Feature 2143 of the GROVER embedding
feat_2144,float,,Feature 2144 of the GROVER embedding
feat_2145,float,,Feature 2145 of the GROVER embedding
feat_2146,float,,Feature 2146 of the GROVER embedding
feat_2147,float,,Feature 2147 of the GROVER embedding
feat_2148,float,,Feature 2148 of the GROVER embedding
feat_2149,float,,Feature 2149 of the GROVER embedding
feat_2150,float,,Feature 2150 of the GROVER embedding
feat_2151,float,,Feature 2151 of the GROVER embedding
feat_2152,float,,Feature 2152 of the GROVER embedding
feat_2153,float,,Feature 2153 of the GROVER embedding
feat_2154,float,,Feature 2154 of the GROVER embedding
feat_2155,float,,Feature 2155 of the GROVER embedding
feat_2156,float,,Feature 2156 of the GROVER embedding
feat_2157,float,,Feature 2157 of the GROVER embedding
feat_2158,float,,Feature 2158 of the GROVER embedding
feat_2159,float,,Feature 2159 of the GROVER embedding
feat_2160,float,,Feature 2160 of the GROVER embedding
feat_2161,float,,Feature 2161 of the GROVER embedding
feat_2162,float,,Feature 2162 of the GROVER embedding
feat_2163,float,,Feature 2163 of the GROVER embedding
feat_2164,float,,Feature 2164 of the GROVER embedding
feat_2165,float,,Feature 2165 of the GROVER embedding
feat_2166,float,,Feature 2166 of the GROVER embedding
feat_2167,float,,Feature 2167 of the GROVER embedding
feat_2168,float,,Feature 2168 of the GROVER embedding
feat_2169,float,,Feature 2169 of the GROVER embedding
feat_2170,float,,Feature 2170 of the GROVER embedding
feat_2171,float,,Feature 2171 of the GROVER embedding
feat_2172,float,,Feature 2172 of the GROVER embedding
feat_2173,float,,Feature 2173 of the GROVER embedding
feat_2174,float,,Feature 2174 of the GROVER embedding
feat_2175,float,,Feature 2175 of the GROVER embedding
feat_2176,float,,Feature 2176 of the GROVER embedding
feat_2177,float,,Feature 2177 of the GROVER embedding
feat_2178,float,,Feature 2178 of the GROVER embedding
feat_2179,float,,Feature 2179 of the GROVER embedding
feat_2180,float,,Feature 2180 of the GROVER embedding
feat_2181,float,,Feature 2181 of the GROVER embedding
feat_2182,float,,Feature 2182 of the GROVER embedding
feat_2183,float,,Feature 2183 of the GROVER embedding
feat_2184,float,,Feature 2184 of the GROVER embedding
feat_2185,float,,Feature 2185 of the GROVER embedding
feat_2186,float,,Feature 2186 of the GROVER embedding
feat_2187,float,,Feature 2187 of the GROVER embedding
feat_2188,float,,Feature 2188 of the GROVER embedding
feat_2189,float,,Feature 2189 of the GROVER embedding
feat_2190,float,,Feature 2190 of the GROVER embedding
feat_2191,float,,Feature 2191 of the GROVER embedding
feat_2192,float,,Feature 2192 of the GROVER embedding
feat_2193,float,,Feature 2193 of the GROVER embedding
feat_2194,float,,Feature 2194 of the GROVER embedding
feat_2195,float,,Feature 2195 of the GROVER embedding
feat_2196,float,,Feature 2196 of the GROVER embedding
feat_2197,float,,Feature 2197 of the GROVER embedding
feat_2198,float,,Feature 2198 of the GROVER embedding
feat_2199,float,,Feature 2199 of the GROVER embedding
feat_2200,float,,Feature 2200 of the GROVER embedding
feat_2201,float,,Feature 2201 of the GROVER embedding
feat_2202,float,,Feature 2202 of the GROVER embedding
feat_2203,float,,Feature 2203 of the GROVER embedding
feat_2204,float,,Feature 2204 of the GROVER embedding
feat_2205,float,,Feature 2205 of the GROVER embedding
feat_2206,float,,Feature 2206 of the GROVER embedding
feat_2207,float,,Feature 2207 of the GROVER embedding
feat_2208,float,,Feature 2208 of the GROVER embedding
feat_2209,float,,Feature 2209 of the GROVER embedding
feat_2210,float,,Feature 2210 of the GROVER embedding
feat_2211,float,,Feature 2211 of the GROVER embedding
feat_2212,float,,Feature 2212 of the GROVER embedding
feat_2213,float,,Feature 2213 of the GROVER embedding
feat_2214,float,,Feature 2214 of the GROVER embedding
feat_2215,float,,Feature 2215 of the GROVER embedding
feat_2216,float,,Feature 2216 of the GROVER embedding
feat_2217,float,,Feature 2217 of the GROVER embedding
feat_2218,float,,Feature 2218 of the GROVER embedding
feat_2219,float,,Feature 2219 of the GROVER embedding
feat_2220,float,,Feature 2220 of the GROVER embedding
feat_2221,float,,Feature 2221 of the GROVER embedding
feat_2222,float,,Feature 2222 of the GROVER embedding
feat_2223,float,,Feature 2223 of the GROVER embedding
feat_2224,float,,Feature 2224 of the GROVER embedding
feat_2225,float,,Feature 2225 of the GROVER embedding
feat_2226,float,,Feature 2226 of the GROVER embedding
feat_2227,float,,Feature 2227 of the GROVER embedding
feat_2228,float,,Feature 2228 of the GROVER embedding
feat_2229,float,,Feature 2229 of the GROVER embedding
feat_2230,float,,Feature 2230 of the GROVER embedding
feat_2231,float,,Feature 2231 of the GROVER embedding
feat_2232,float,,Feature 2232 of the GROVER embedding
feat_2233,float,,Feature 2233 of the GROVER embedding
feat_2234,float,,Feature 2234 of the GROVER embedding
feat_2235,float,,Feature 2235 of the GROVER embedding
feat_2236,float,,Feature 2236 of the GROVER embedding
feat_2237,float,,Feature 2237 of the GROVER embedding
feat_2238,float,,Feature 2238 of the GROVER embedding
feat_2239,float,,Feature 2239 of the GROVER embedding
feat_2240,float,,Feature 2240 of the GROVER embedding
feat_2241,float,,Feature 2241 of the GROVER embedding
feat_2242,float,,Feature 2242 of the GROVER embedding
feat_2243,float,,Feature 2243 of the GROVER embedding
feat_2244,float,,Feature 2244 of the GROVER embedding
feat_2245,float,,Feature 2245 of the GROVER embedding
feat_2246,float,,Feature 2246 of the GROVER embedding
feat_2247,float,,Feature 2247 of the GROVER embedding
feat_2248,float,,Feature 2248 of the GROVER embedding
feat_2249,float,,Feature 2249 of the GROVER embedding
feat_2250,float,,Feature 2250 of the GROVER embedding
feat_2251,float,,Feature 2251 of the GROVER embedding
feat_2252,float,,Feature 2252 of the GROVER embedding
feat_2253,float,,Feature 2253 of the GROVER embedding
feat_2254,float,,Feature 2254 of the GROVER embedding
feat_2255,float,,Feature 2255 of the GROVER embedding
feat_2256,float,,Feature 2256 of the GROVER embedding
feat_2257,float,,Feature 2257 of the GROVER embedding
feat_2258,float,,Feature 2258 of the GROVER embedding
feat_2259,float,,Feature 2259 of the GROVER embedding
feat_2260,float,,Feature 2260 of the GROVER embedding
feat_2261,float,,Feature 2261 of the GROVER embedding
feat_2262,float,,Feature 2262 of the GROVER embedding
feat_2263,float,,Feature 2263 of the GROVER embedding
feat_2264,float,,Feature 2264 of the GROVER embedding
feat_2265,float,,Feature 2265 of the GROVER embedding
feat_2266,float,,Feature 2266 of the GROVER embedding
feat_2267,float,,Feature 2267 of the GROVER embedding
feat_2268,float,,Feature 2268 of the GROVER embedding
feat_2269,float,,Feature 2269 of the GROVER embedding
feat_2270,float,,Feature 2270 of the GROVER embedding
feat_2271,float,,Feature 2271 of the GROVER embedding
feat_2272,float,,Feature 2272 of the GROVER embedding
feat_2273,float,,Feature 2273 of the GROVER embedding
feat_2274,float,,Feature 2274 of the GROVER embedding
feat_2275,float,,Feature 2275 of the GROVER embedding
feat_2276,float,,Feature 2276 of the GROVER embedding
feat_2277,float,,Feature 2277 of the GROVER embedding
feat_2278,float,,Feature 2278 of the GROVER embedding
feat_2279,float,,Feature 2279 of the GROVER embedding
feat_2280,float,,Feature 2280 of the GROVER embedding
feat_2281,float,,Feature 2281 of the GROVER embedding
feat_2282,float,,Feature 2282 of the GROVER embedding
feat_2283,float,,Feature 2283 of the GROVER embedding
feat_2284,float,,Feature 2284 of the GROVER embedding
feat_2285,float,,Feature 2285 of the GROVER embedding
feat_2286,float,,Feature 2286 of the GROVER embedding
feat_2287,float,,Feature 2287 of the GROVER embedding
feat_2288,float,,Feature 2288 of the GROVER embedding
feat_2289,float,,Feature 2289 of the GROVER embedding
feat_2290,float,,Feature 2290 of the GROVER embedding
feat_2291,float,,Feature 2291 of the GROVER embedding
feat_2292,float,,Feature 2292 of the GROVER embedding
feat_2293,float,,Feature 2293 of the GROVER embedding
feat_2294,float,,Feature 2294 of the GROVER embedding
feat_2295,float,,Feature 2295 of the GROVER embedding
feat_2296,float,,Feature 2296 of the GROVER embedding
feat_2297,float,,Feature 2297 of the GROVER embedding
feat_2298,float,,Feature 2298 of the GROVER embedding
feat_2299,float,,Feature 2299 of the GROVER embedding
feat_2300,float,,Feature 2300 of the GROVER embedding
feat_2301,float,,Feature 2301 of the GROVER embedding
feat_2302,float,,Feature 2302 of the GROVER embedding
feat_2303,float,,Feature 2303 of the GROVER embedding
feat_2304,float,,Feature 2304 of the GROVER embedding
feat_2305,float,,Feature 2305 of the GROVER embedding
feat_2306,float,,Feature 2306 of the GROVER embedding
feat_2307,float,,Feature 2307 of the GROVER embedding
feat_2308,float,,Feature 2308 of the GROVER embedding
feat_2309,float,,Feature 2309 of the GROVER embedding
feat_2310,float,,Feature 2310 of the GROVER embedding
feat_2311,float,,Feature 2311 of the GROVER embedding
feat_2312,float,,Feature 2312 of the GROVER embedding
feat_2313,float,,Feature 2313 of the GROVER embedding
feat_2314,float,,Feature 2314 of the GROVER embedding
feat_2315,float,,Feature 2315 of the GROVER embedding
feat_2316,float,,Feature 2316 of the GROVER embedding
feat_2317,float,,Feature 2317 of the GROVER embedding
feat_2318,float,,Feature 2318 of the GROVER embedding
feat_2319,float,,Feature 2319 of the GROVER embedding
feat_2320,float,,Feature 2320 of the GROVER embedding
feat_2321,float,,Feature 2321 of the GROVER embedding
feat_2322,float,,Feature 2322 of the GROVER embedding
feat_2323,float,,Feature 2323 of the GROVER embedding
feat_2324,float,,Feature 2324 of the GROVER embedding
feat_2325,float,,Feature 2325 of the GROVER embedding
feat_2326,float,,Feature 2326 of the GROVER embedding
feat_2327,float,,Feature 2327 of the GROVER embedding
feat_2328,float,,Feature 2328 of the GROVER embedding
feat_2329,float,,Feature 2329 of the GROVER embedding
feat_2330,float,,Feature 2330 of the GROVER embedding
feat_2331,float,,Feature 2331 of the GROVER embedding
feat_2332,float,,Feature 2332 of the GROVER embedding
feat_2333,float,,Feature 2333 of the GROVER embedding
feat_2334,float,,Feature 2334 of the GROVER embedding
feat_2335,float,,Feature 2335 of the GROVER embedding
feat_2336,float,,Feature 2336 of the GROVER embedding
feat_2337,float,,Feature 2337 of the GROVER embedding
feat_2338,float,,Feature 2338 of the GROVER embedding
feat_2339,float,,Feature 2339 of the GROVER embedding
feat_2340,float,,Feature 2340 of the GROVER embedding
feat_2341,float,,Feature 2341 of the GROVER embedding
feat_2342,float,,Feature 2342 of the GROVER embedding
feat_2343,float,,Feature 2343 of the GROVER embedding
feat_2344,float,,Feature 2344 of the GROVER embedding
feat_2345,float,,Feature 2345 of the GROVER embedding
feat_2346,float,,Feature 2346 of the GROVER embedding
feat_2347,float,,Feature 2347 of the GROVER embedding
feat_2348,float,,Feature 2348 of the GROVER embedding
feat_2349,float,,Feature 2349 of the GROVER embedding
feat_2350,float,,Feature 2350 of the GROVER embedding
feat_2351,float,,Feature 2351 of the GROVER embedding
feat_2352,float,,Feature 2352 of the GROVER embedding
feat_2353,float,,Feature 2353 of the GROVER embedding
feat_2354,float,,Feature 2354 of the GROVER embedding
feat_2355,float,,Feature 2355 of the GROVER embedding
feat_2356,float,,Feature 2356 of the GROVER embedding
feat_2357,float,,Feature 2357 of the GROVER embedding
feat_2358,float,,Feature 2358 of the GROVER embedding
feat_2359,float,,Feature 2359 of the GROVER embedding
feat_2360,float,,Feature 2360 of the GROVER embedding
feat_2361,float,,Feature 2361 of the GROVER embedding
feat_2362,float,,Feature 2362 of the GROVER embedding
feat_2363,float,,Feature 2363 of the GROVER embedding
feat_2364,float,,Feature 2364 of the GROVER embedding
feat_2365,float,,Feature 2365 of the GROVER embedding
feat_2366,float,,Feature 2366 of the GROVER embedding
feat_2367,float,,Feature 2367 of the GROVER embedding
feat_2368,float,,Feature 2368 of the GROVER embedding
feat_2369,float,,Feature 2369 of the GROVER embedding
feat_2370,float,,Feature 2370 of the GROVER embedding
feat_2371,float,,Feature 2371 of the GROVER embedding
feat_2372,float,,Feature 2372 of the GROVER embedding
feat_2373,float,,Feature 2373 of the GROVER embedding
feat_2374,float,,Feature 2374 of the GROVER embedding
feat_2375,float,,Feature 2375 of the GROVER embedding
feat_2376,float,,Feature 2376 of the GROVER embedding
feat_2377,float,,Feature 2377 of the GROVER embedding
feat_2378,float,,Feature 2378 of the GROVER embedding
feat_2379,float,,Feature 2379 of the GROVER embedding
feat_2380,float,,Feature 2380 of the GROVER embedding
feat_2381,float,,Feature 2381 of the GROVER embedding
feat_2382,float,,Feature 2382 of the GROVER embedding
feat_2383,float,,Feature 2383 of the GROVER embedding
feat_2384,float,,Feature 2384 of the GROVER embedding
feat_2385,float,,Feature 2385 of the GROVER embedding
feat_2386,float,,Feature 2386 of the GROVER embedding
feat_2387,float,,Feature 2387 of the GROVER embedding
feat_2388,float,,Feature 2388 of the GROVER embedding
feat_2389,float,,Feature 2389 of the GROVER embedding
feat_2390,float,,Feature 2390 of the GROVER embedding
feat_2391,float,,Feature 2391 of the GROVER embedding
feat_2392,float,,Feature 2392 of the GROVER embedding
feat_2393,float,,Feature 2393 of the GROVER embedding
feat_2394,float,,Feature 2394 of the GROVER embedding
feat_2395,float,,Feature 2395 of the GROVER embedding
feat_2396,float,,Feature 2396 of the GROVER embedding
feat_2397,float,,Feature 2397 of the GROVER embedding
feat_2398,float,,Feature 2398 of the GROVER embedding
feat_2399,float,,Feature 2399 of the GROVER embedding
feat_2400,float,,Feature 2400 of the GROVER embedding
feat_2401,float,,Feature 2401 of the GROVER embedding
feat_2402,float,,Feature 2402 of the GROVER embedding
feat_2403,float,,Feature 2403 of the GROVER embedding
feat_2404,float,,Feature 2404 of the GROVER embedding
feat_2405,float,,Feature 2405 of the GROVER embedding
feat_2406,float,,Feature 2406 of the GROVER embedding
feat_2407,float,,Feature 2407 of the GROVER embedding
feat_2408,float,,Feature 2408 of the GROVER embedding
feat_2409,float,,Feature 2409 of the GROVER embedding
feat_2410,float,,Feature 2410 of the GROVER embedding
feat_2411,float,,Feature 2411 of the GROVER embedding
feat_2412,float,,Feature 2412 of the GROVER embedding
feat_2413,float,,Feature 2413 of the GROVER embedding
feat_2414,float,,Feature 2414 of the GROVER embedding
feat_2415,float,,Feature 2415 of the GROVER embedding
feat_2416,float,,Feature 2416 of the GROVER embedding
feat_2417,float,,Feature 2417 of the GROVER embedding
feat_2418,float,,Feature 2418 of the GROVER embedding
feat_2419,float,,Feature 2419 of the GROVER embedding
feat_2420,float,,Feature 2420 of the GROVER embedding
feat_2421,float,,Feature 2421 of the GROVER embedding
feat_2422,float,,Feature 2422 of the GROVER embedding
feat_2423,float,,Feature 2423 of the GROVER embedding
feat_2424,float,,Feature 2424 of the GROVER embedding
feat_2425,float,,Feature 2425 of the GROVER embedding
feat_2426,float,,Feature 2426 of the GROVER embedding
feat_2427,float,,Feature 2427 of the GROVER embedding
feat_2428,float,,Feature 2428 of the GROVER embedding
feat_2429,float,,Feature 2429 of the GROVER embedding
feat_2430,float,,Feature 2430 of the GROVER embedding
feat_2431,float,,Feature 2431 of the GROVER embedding
feat_2432,float,,Feature 2432 of the GROVER embedding
feat_2433,float,,Feature 2433 of the GROVER embedding
feat_2434,float,,Feature 2434 of the GROVER embedding
feat_2435,float,,Feature 2435 of the GROVER embedding
feat_2436,float,,Feature 2436 of the GROVER embedding
feat_2437,float,,Feature 2437 of the GROVER embedding
feat_2438,float,,Feature 2438 of the GROVER embedding
feat_2439,float,,Feature 2439 of the GROVER embedding
feat_2440,float,,Feature 2440 of the GROVER embedding
feat_2441,float,,Feature 2441 of the GROVER embedding
feat_2442,float,,Feature 2442 of the GROVER embedding
feat_2443,float,,Feature 2443 of the GROVER embedding
feat_2444,float,,Feature 2444 of the GROVER embedding
feat_2445,float,,Feature 2445 of the GROVER embedding
feat_2446,float,,Feature 2446 of the GROVER embedding
feat_2447,float,,Feature 2447 of the GROVER embedding
feat_2448,float,,Feature 2448 of the GROVER embedding
feat_2449,float,,Feature 2449 of the GROVER embedding
feat_2450,float,,Feature 2450 of the GROVER embedding
feat_2451,float,,Feature 2451 of the GROVER embedding
feat_2452,float,,Feature 2452 of the GROVER embedding
feat_2453,float,,Feature 2453 of the GROVER embedding
feat_2454,float,,Feature 2454 of the GROVER embedding
feat_2455,float,,Feature 2455 of the GROVER embedding
feat_2456,float,,Feature 2456 of the GROVER embedding
feat_2457,float,,Feature 2457 of the GROVER embedding
feat_2458,float,,Feature 2458 of the GROVER embedding
feat_2459,float,,Feature 2459 of the GROVER embedding
feat_2460,float,,Feature 2460 of the GROVER embedding
feat_2461,float,,Feature 2461 of the GROVER embedding
feat_2462,float,,Feature 2462 of the GROVER embedding
feat_2463,float,,Feature 2463 of the GROVER embedding
feat_2464,float,,Feature 2464 of the GROVER embedding
feat_2465,float,,Feature 2465 of the GROVER embedding
feat_2466,float,,Feature 2466 of the GROVER embedding
feat_2467,float,,Feature 2467 of the GROVER embedding
feat_2468,float,,Feature 2468 of the GROVER embedding
feat_2469,float,,Feature 2469 of the GROVER embedding
feat_2470,float,,Feature 2470 of the GROVER embedding
feat_2471,float,,Feature 2471 of the GROVER embedding
feat_2472,float,,Feature 2472 of the GROVER embedding
feat_2473,float,,Feature 2473 of the GROVER embedding
feat_2474,float,,Feature 2474 of the GROVER embedding
feat_2475,float,,Feature 2475 of the GROVER embedding
feat_2476,float,,Feature 2476 of the GROVER embedding
feat_2477,float,,Feature 2477 of the GROVER embedding
feat_2478,float,,Feature 2478 of the GROVER embedding
feat_2479,float,,Feature 2479 of the GROVER embedding
feat_2480,float,,Feature 2480 of the GROVER embedding
feat_2481,float,,Feature 2481 of the GROVER embedding
feat_2482,float,,Feature 2482 of the GROVER embedding
feat_2483,float,,Feature 2483 of the GROVER embedding
feat_2484,float,,Feature 2484 of the GROVER embedding
feat_2485,float,,Feature 2485 of the GROVER embedding
feat_2486,float,,Feature 2486 of the GROVER embedding
feat_2487,float,,Feature 2487 of the GROVER embedding
feat_2488,float,,Feature 2488 of the GROVER embedding
feat_2489,float,,Feature 2489 of the GROVER embedding
feat_2490,float,,Feature 2490 of the GROVER embedding
feat_2491,float,,Feature 2491 of the GROVER embedding
feat_2492,float,,Feature 2492 of the GROVER embedding
feat_2493,float,,Feature 2493 of the GROVER embedding
feat_2494,float,,Feature 2494 of the GROVER embedding
feat_2495,float,,Feature 2495 of the GROVER embedding
feat_2496,float,,Feature 2496 of the GROVER embedding
feat_2497,float,,Feature 2497 of the GROVER embedding
feat_2498,float,,Feature 2498 of the GROVER embedding
feat_2499,float,,Feature 2499 of the GROVER embedding
feat_2500,float,,Feature 2500 of the GROVER embedding
feat_2501,float,,Feature 2501 of the GROVER embedding
feat_2502,float,,Feature 2502 of the GROVER embedding
feat_2503,float,,Feature 2503 of the GROVER embedding
feat_2504,float,,Feature 2504 of the GROVER embedding
feat_2505,float,,Feature 2505 of the GROVER embedding
feat_2506,float,,Feature 2506 of the GROVER embedding
feat_2507,float,,Feature 2507 of the GROVER embedding
feat_2508,float,,Feature 2508 of the GROVER embedding
feat_2509,float,,Feature 2509 of the GROVER embedding
feat_2510,float,,Feature 2510 of the GROVER embedding
feat_2511,float,,Feature 2511 of the GROVER embedding
feat_2512,float,,Feature 2512 of the GROVER embedding
feat_2513,float,,Feature 2513 of the GROVER embedding
feat_2514,float,,Feature 2514 of the GROVER embedding
feat_2515,float,,Feature 2515 of the GROVER embedding
feat_2516,float,,Feature 2516 of the GROVER embedding
feat_2517,float,,Feature 2517 of the GROVER embedding
feat_2518,float,,Feature 2518 of the GROVER embedding
feat_2519,float,,Feature 2519 of the GROVER embedding
feat_2520,float,,Feature 2520 of the GROVER embedding
feat_2521,float,,Feature 2521 of the GROVER embedding
feat_2522,float,,Feature 2522 of the GROVER embedding
feat_2523,float,,Feature 2523 of the GROVER embedding
feat_2524,float,,Feature 2524 of the GROVER embedding
feat_2525,float,,Feature 2525 of the GROVER embedding
feat_2526,float,,Feature 2526 of the GROVER embedding
feat_2527,float,,Feature 2527 of the GROVER embedding
feat_2528,float,,Feature 2528 of the GROVER embedding
feat_2529,float,,Feature 2529 of the GROVER embedding
feat_2530,float,,Feature 2530 of the GROVER embedding
feat_2531,float,,Feature 2531 of the GROVER embedding
feat_2532,float,,Feature 2532 of the GROVER embedding
feat_2533,float,,Feature 2533 of the GROVER embedding
feat_2534,float,,Feature 2534 of the GROVER embedding
feat_2535,float,,Feature 2535 of the GROVER embedding
feat_2536,float,,Feature 2536 of the GROVER embedding
feat_2537,float,,Feature 2537 of the GROVER embedding
feat_2538,float,,Feature 2538 of the GROVER embedding
feat_2539,float,,Feature 2539 of the GROVER embedding
feat_2540,float,,Feature 2540 of the GROVER embedding
feat_2541,float,,Feature 2541 of the GROVER embedding
feat_2542,float,,Feature 2542 of the GROVER embedding
feat_2543,float,,Feature 2543 of the GROVER embedding
feat_2544,float,,Feature 2544 of the GROVER embedding
feat_2545,float,,Feature 2545 of the GROVER embedding
feat_2546,float,,Feature 2546 of the GROVER embedding
feat_2547,float,,Feature 2547 of the GROVER embedding
feat_2548,float,,Feature 2548 of the GROVER embedding
feat_2549,float,,Feature 2549 of the GROVER embedding
feat_2550,float,,Feature 2550 of the GROVER embedding
feat_2551,float,,Feature 2551 of the GROVER embedding
feat_2552,float,,Feature 2552 of the GROVER embedding
feat_2553,float,,Feature 2553 of the GROVER embedding
feat_2554,float,,Feature 2554 of the GROVER embedding
feat_2555,float,,Feature 2555 of the GROVER embedding
feat_2556,float,,Feature 2556 of the GROVER embedding
feat_2557,float,,Feature 2557 of the GROVER embedding
feat_2558,float,,Feature 2558 of the GROVER embedding
feat_2559,float,,Feature 2559 of the GROVER embedding
feat_2560,float,,Feature 2560 of the GROVER embedding
feat_2561,float,,Feature 2561 of the GROVER embedding
feat_2562,float,,Feature 2562 of the GROVER embedding
feat_2563,float,,Feature 2563 of the GROVER embedding
feat_2564,float,,Feature 2564 of the GROVER embedding
feat_2565,float,,Feature 2565 of the GROVER embedding
feat_2566,float,,Feature 2566 of the GROVER embedding
feat_2567,float,,Feature 2567 of the GROVER embedding
feat_2568,float,,Feature 2568 of the GROVER embedding
feat_2569,float,,Feature 2569 of the GROVER embedding
feat_2570,float,,Feature 2570 of the GROVER embedding
feat_2571,float,,Feature 2571 of the GROVER embedding
feat_2572,float,,Feature 2572 of the GROVER embedding
feat_2573,float,,Feature 2573 of the GROVER embedding
feat_2574,float,,Feature 2574 of the GROVER embedding
feat_2575,float,,Feature 2575 of the GROVER embedding
feat_2576,float,,Feature 2576 of the GROVER embedding
feat_2577,float,,Feature 2577 of the GROVER embedding
feat_2578,float,,Feature 2578 of the GROVER embedding
feat_2579,float,,Feature 2579 of the GROVER embedding
feat_2580,float,,Feature 2580 of the GROVER embedding
feat_2581,float,,Feature 2581 of the GROVER embedding
feat_2582,float,,Feature 2582 of the GROVER embedding
feat_2583,float,,Feature 2583 of the GROVER embedding
feat_2584,float,,Feature 2584 of the GROVER embedding
feat_2585,float,,Feature 2585 of the GROVER embedding
feat_2586,float,,Feature 2586 of the GROVER embedding
feat_2587,float,,Feature 2587 of the GROVER embedding
feat_2588,float,,Feature 2588 of the GROVER embedding
feat_2589,float,,Feature 2589 of the GROVER embedding
feat_2590,float,,Feature 2590 of the GROVER embedding
feat_2591,float,,Feature 2591 of the GROVER embedding
feat_2592,float,,Feature 2592 of the GROVER embedding
feat_2593,float,,Feature 2593 of the GROVER embedding
feat_2594,float,,Feature 2594 of the GROVER embedding
feat_2595,float,,Feature 2595 of the GROVER embedding
feat_2596,float,,Feature 2596 of the GROVER embedding
feat_2597,float,,Feature 2597 of the GROVER embedding
feat_2598,float,,Feature 2598 of the GROVER embedding
feat_2599,float,,Feature 2599 of the GROVER embedding
feat_2600,float,,Feature 2600 of the GROVER embedding
feat_2601,float,,Feature 2601 of the GROVER embedding
feat_2602,float,,Feature 2602 of the GROVER embedding
feat_2603,float,,Feature 2603 of the GROVER embedding
feat_2604,float,,Feature 2604 of the GROVER embedding
feat_2605,float,,Feature 2605 of the GROVER embedding
feat_2606,float,,Feature 2606 of the GROVER embedding
feat_2607,float,,Feature 2607 of the GROVER embedding
feat_2608,float,,Feature 2608 of the GROVER embedding
feat_2609,float,,Feature 2609 of the GROVER embedding
feat_2610,float,,Feature 2610 of the GROVER embedding
feat_2611,float,,Feature 2611 of the GROVER embedding
feat_2612,float,,Feature 2612 of the GROVER embedding
feat_2613,float,,Feature 2613 of the GROVER embedding
feat_2614,float,,Feature 2614 of the GROVER embedding
feat_2615,float,,Feature 2615 of the GROVER embedding
feat_2616,float,,Feature 2616 of the GROVER embedding
feat_2617,float,,Feature 2617 of the GROVER embedding
feat_2618,float,,Feature 2618 of the GROVER embedding
feat_2619,float,,Feature 2619 of the GROVER embedding
feat_2620,float,,Feature 2620 of the GROVER embedding
feat_2621,float,,Feature 2621 of the GROVER embedding
feat_2622,float,,Feature 2622 of the GROVER embedding
feat_2623,float,,Feature 2623 of the GROVER embedding
feat_2624,float,,Feature 2624 of the GROVER embedding
feat_2625,float,,Feature 2625 of the GROVER embedding
feat_2626,float,,Feature 2626 of the GROVER embedding
feat_2627,float,,Feature 2627 of the GROVER embedding
feat_2628,float,,Feature 2628 of the GROVER embedding
feat_2629,float,,Feature 2629 of the GROVER embedding
feat_2630,float,,Feature 2630 of the GROVER embedding
feat_2631,float,,Feature 2631 of the GROVER embedding
feat_2632,float,,Feature 2632 of the GROVER embedding
feat_2633,float,,Feature 2633 of the GROVER embedding
feat_2634,float,,Feature 2634 of the GROVER embedding
feat_2635,float,,Feature 2635 of the GROVER embedding
feat_2636,float,,Feature 2636 of the GROVER embedding
feat_2637,float,,Feature 2637 of the GROVER embedding
feat_2638,float,,Feature 2638 of the GROVER embedding
feat_2639,float,,Feature 2639 of the GROVER embedding
feat_2640,float,,Feature 2640 of the GROVER embedding
feat_2641,float,,Feature 2641 of the GROVER embedding
feat_2642,float,,Feature 2642 of the GROVER embedding
feat_2643,float,,Feature 2643 of the GROVER embedding
feat_2644,float,,Feature 2644 of the GROVER embedding
feat_2645,float,,Feature 2645 of the GROVER embedding
feat_2646,float,,Feature 2646 of the GROVER embedding
feat_2647,float,,Feature 2647 of the GROVER embedding
feat_2648,float,,Feature 2648 of the GROVER embedding
feat_2649,float,,Feature 2649 of the GROVER embedding
feat_2650,float,,Feature 2650 of the GROVER embedding
feat_2651,float,,Feature 2651 of the GROVER embedding
feat_2652,float,,Feature 2652 of the GROVER embedding
feat_2653,float,,Feature 2653 of the GROVER embedding
feat_2654,float,,Feature 2654 of the GROVER embedding
feat_2655,float,,Feature 2655 of the GROVER embedding
feat_2656,float,,Feature 2656 of the GROVER embedding
feat_2657,float,,Feature 2657 of the GROVER embedding
feat_2658,float,,Feature 2658 of the GROVER embedding
feat_2659,float,,Feature 2659 of the GROVER embedding
feat_2660,float,,Feature 2660 of the GROVER embedding
feat_2661,float,,Feature 2661 of the GROVER embedding
feat_2662,float,,Feature 2662 of the GROVER embedding
feat_2663,float,,Feature 2663 of the GROVER embedding
feat_2664,float,,Feature 2664 of the GROVER embedding
feat_2665,float,,Feature 2665 of the GROVER embedding
feat_2666,float,,Feature 2666 of the GROVER embedding
feat_2667,float,,Feature 2667 of the GROVER embedding
feat_2668,float,,Feature 2668 of the GROVER embedding
feat_2669,float,,Feature 2669 of the GROVER embedding
feat_2670,float,,Feature 2670 of the GROVER embedding
feat_2671,float,,Feature 2671 of the GROVER embedding
feat_2672,float,,Feature 2672 of the GROVER embedding
feat_2673,float,,Feature 2673 of the GROVER embedding
feat_2674,float,,Feature 2674 of the GROVER embedding
feat_2675,float,,Feature 2675 of the GROVER embedding
feat_2676,float,,Feature 2676 of the GROVER embedding
feat_2677,float,,Feature 2677 of the GROVER embedding
feat_2678,float,,Feature 2678 of the GROVER embedding
feat_2679,float,,Feature 2679 of the GROVER embedding
feat_2680,float,,Feature 2680 of the GROVER embedding
feat_2681,float,,Feature 2681 of the GROVER embedding
feat_2682,float,,Feature 2682 of the GROVER embedding
feat_2683,float,,Feature 2683 of the GROVER embedding
feat_2684,float,,Feature 2684 of the GROVER embedding
feat_2685,float,,Feature 2685 of the GROVER embedding
feat_2686,float,,Feature 2686 of the GROVER embedding
feat_2687,float,,Feature 2687 of the GROVER embedding
feat_2688,float,,Feature 2688 of the GROVER embedding
feat_2689,float,,Feature 2689 of the GROVER embedding
feat_2690,float,,Feature 2690 of the GROVER embedding
feat_2691,float,,Feature 2691 of the GROVER embedding
feat_2692,float,,Feature 2692 of the GROVER embedding
feat_2693,float,,Feature 2693 of the GROVER embedding
feat_2694,float,,Feature 2694 of the GROVER embedding
feat_2695,float,,Feature 2695 of the GROVER embedding
feat_2696,float,,Feature 2696 of the GROVER embedding
feat_2697,float,,Feature 2697 of the GROVER embedding
feat_2698,float,,Feature 2698 of the GROVER embedding
feat_2699,float,,Feature 2699 of the GROVER embedding
feat_2700,float,,Feature 2700 of the GROVER embedding
feat_2701,float,,Feature 2701 of the GROVER embedding
feat_2702,float,,Feature 2702 of the GROVER embedding
feat_2703,float,,Feature 2703 of the GROVER embedding
feat_2704,float,,Feature 2704 of the GROVER embedding
feat_2705,float,,Feature 2705 of the GROVER embedding
feat_2706,float,,Feature 2706 of the GROVER embedding
feat_2707,float,,Feature 2707 of the GROVER embedding
feat_2708,float,,Feature 2708 of the GROVER embedding
feat_2709,float,,Feature 2709 of the GROVER embedding
feat_2710,float,,Feature 2710 of the GROVER embedding
feat_2711,float,,Feature 2711 of the GROVER embedding
feat_2712,float,,Feature 2712 of the GROVER embedding
feat_2713,float,,Feature 2713 of the GROVER embedding
feat_2714,float,,Feature 2714 of the GROVER embedding
feat_2715,float,,Feature 2715 of the GROVER embedding
feat_2716,float,,Feature 2716 of the GROVER embedding
feat_2717,float,,Feature 2717 of the GROVER embedding
feat_2718,float,,Feature 2718 of the GROVER embedding
feat_2719,float,,Feature 2719 of the GROVER embedding
feat_2720,float,,Feature 2720 of the GROVER embedding
feat_2721,float,,Feature 2721 of the GROVER embedding
feat_2722,float,,Feature 2722 of the GROVER embedding
feat_2723,float,,Feature 2723 of the GROVER embedding
feat_2724,float,,Feature 2724 of the GROVER embedding
feat_2725,float,,Feature 2725 of the GROVER embedding
feat_2726,float,,Feature 2726 of the GROVER embedding
feat_2727,float,,Feature 2727 of the GROVER embedding
feat_2728,float,,Feature 2728 of the GROVER embedding
feat_2729,float,,Feature 2729 of the GROVER embedding
feat_2730,float,,Feature 2730 of the GROVER embedding
feat_2731,float,,Feature 2731 of the GROVER embedding
feat_2732,float,,Feature 2732 of the GROVER embedding
feat_2733,float,,Feature 2733 of the GROVER embedding
feat_2734,float,,Feature 2734 of the GROVER embedding
feat_2735,float,,Feature 2735 of the GROVER embedding
feat_2736,float,,Feature 2736 of the GROVER embedding
feat_2737,float,,Feature 2737 of the GROVER embedding
feat_2738,float,,Feature 2738 of the GROVER embedding
feat_2739,float,,Feature 2739 of the GROVER embedding
feat_2740,float,,Feature 2740 of the GROVER embedding
feat_2741,float,,Feature 2741 of the GROVER embedding
feat_2742,float,,Feature 2742 of the GROVER embedding
feat_2743,float,,Feature 2743 of the GROVER embedding
feat_2744,float,,Feature 2744 of the GROVER embedding
feat_2745,float,,Feature 2745 of the GROVER embedding
feat_2746,float,,Feature 2746 of the GROVER embedding
feat_2747,float,,Feature 2747 of the GROVER embedding
feat_2748,float,,Feature 2748 of the GROVER embedding
feat_2749,float,,Feature 2749 of the GROVER embedding
feat_2750,float,,Feature 2750 of the GROVER embedding
feat_2751,float,,Feature 2751 of the GROVER embedding
feat_2752,float,,Feature 2752 of the GROVER embedding
feat_2753,float,,Feature 2753 of the GROVER embedding
feat_2754,float,,Feature 2754 of the GROVER embedding
feat_2755,float,,Feature 2755 of the GROVER embedding
feat_2756,float,,Feature 2756 of the GROVER embedding
feat_2757,float,,Feature 2757 of the GROVER embedding
feat_2758,float,,Feature 2758 of the GROVER embedding
feat_2759,float,,Feature 2759 of the GROVER embedding
feat_2760,float,,Feature 2760 of the GROVER embedding
feat_2761,float,,Feature 2761 of the GROVER embedding
feat_2762,float,,Feature 2762 of the GROVER embedding
feat_2763,float,,Feature 2763 of the GROVER embedding
feat_2764,float,,Feature 2764 of the GROVER embedding
feat_2765,float,,Feature 2765 of the GROVER embedding
feat_2766,float,,Feature 2766 of the GROVER embedding
feat_2767,float,,Feature 2767 of the GROVER embedding
feat_2768,float,,Feature 2768 of the GROVER embedding
feat_2769,float,,Feature 2769 of the GROVER embedding
feat_2770,float,,Feature 2770 of the GROVER embedding
feat_2771,float,,Feature 2771 of the GROVER embedding
feat_2772,float,,Feature 2772 of the GROVER embedding
feat_2773,float,,Feature 2773 of the GROVER embedding
feat_2774,float,,Feature 2774 of the GROVER embedding
feat_2775,float,,Feature 2775 of the GROVER embedding
feat_2776,float,,Feature 2776 of the GROVER embedding
feat_2777,float,,Feature 2777 of the GROVER embedding
feat_2778,float,,Feature 2778 of the GROVER embedding
feat_2779,float,,Feature 2779 of the GROVER embedding
feat_2780,float,,Feature 2780 of the GROVER embedding
feat_2781,float,,Feature 2781 of the GROVER embedding
feat_2782,float,,Feature 2782 of the GROVER embedding
feat_2783,float,,Feature 2783 of the GROVER embedding
feat_2784,float,,Feature 2784 of the GROVER embedding
feat_2785,float,,Feature 2785 of the GROVER embedding
feat_2786,float,,Feature 2786 of the GROVER embedding
feat_2787,float,,Feature 2787 of the GROVER embedding
feat_2788,float,,Feature 2788 of the GROVER embedding
feat_2789,float,,Feature 2789 of the GROVER embedding
feat_2790,float,,Feature 2790 of the GROVER embedding
feat_2791,float,,Feature 2791 of the GROVER embedding
feat_2792,float,,Feature 2792 of the GROVER embedding
feat_2793,float,,Feature 2793 of the GROVER embedding
feat_2794,float,,Feature 2794 of the GROVER embedding
feat_2795,float,,Feature 2795 of the GROVER embedding
feat_2796,float,,Feature 2796 of the GROVER embedding
feat_2797,float,,Feature 2797 of the GROVER embedding
feat_2798,float,,Feature 2798 of the GROVER embedding
feat_2799,float,,Feature 2799 of the GROVER embedding
feat_2800,float,,Feature 2800 of the GROVER embedding
feat_2801,float,,Feature 2801 of the GROVER embedding
feat_2802,float,,Feature 2802 of the GROVER embedding
feat_2803,float,,Feature 2803 of the GROVER embedding
feat_2804,float,,Feature 2804 of the GROVER embedding
feat_2805,float,,Feature 2805 of the GROVER embedding
feat_2806,float,,Feature 2806 of the GROVER embedding
feat_2807,float,,Feature 2807 of the GROVER embedding
feat_2808,float,,Feature 2808 of the GROVER embedding
feat_2809,float,,Feature 2809 of the GROVER embedding
feat_2810,float,,Feature 2810 of the GROVER embedding
feat_2811,float,,Feature 2811 of the GROVER embedding
feat_2812,float,,Feature 2812 of the GROVER embedding
feat_2813,float,,Feature 2813 of the GROVER embedding
feat_2814,float,,Feature 2814 of the GROVER embedding
feat_2815,float,,Feature 2815 of the GROVER embedding
feat_2816,float,,Feature 2816 of the GROVER embedding
feat_2817,float,,Feature 2817 of the GROVER embedding
feat_2818,float,,Feature 2818 of the GROVER embedding
feat_2819,float,,Feature 2819 of the GROVER embedding
feat_2820,float,,Feature 2820 of the GROVER embedding
feat_2821,float,,Feature 2821 of the GROVER embedding
feat_2822,float,,Feature 2822 of the GROVER embedding
feat_2823,float,,Feature 2823 of the GROVER embedding
feat_2824,float,,Feature 2824 of the GROVER embedding
feat_2825,float,,Feature 2825 of the GROVER embedding
feat_2826,float,,Feature 2826 of the GROVER embedding
feat_2827,float,,Feature 2827 of the GROVER embedding
feat_2828,float,,Feature 2828 of the GROVER embedding
feat_2829,float,,Feature 2829 of the GROVER embedding
feat_2830,float,,Feature 2830 of the GROVER embedding
feat_2831,float,,Feature 2831 of the GROVER embedding
feat_2832,float,,Feature 2832 of the GROVER embedding
feat_2833,float,,Feature 2833 of the GROVER embedding
feat_2834,float,,Feature 2834 of the GROVER embedding
feat_2835,float,,Feature 2835 of the GROVER embedding
feat_2836,float,,Feature 2836 of the GROVER embedding
feat_2837,float,,Feature 2837 of the GROVER embedding
feat_2838,float,,Feature 2838 of the GROVER embedding
feat_2839,float,,Feature 2839 of the GROVER embedding
feat_2840,float,,Feature 2840 of the GROVER embedding
feat_2841,float,,Feature 2841 of the GROVER embedding
feat_2842,float,,Feature 2842 of the GROVER embedding
feat_2843,float,,Feature 2843 of the GROVER embedding
feat_2844,float,,Feature 2844 of the GROVER embedding
feat_2845,float,,Feature 2845 of the GROVER embedding
feat_2846,float,,Feature 2846 of the GROVER embedding
feat_2847,float,,Feature 2847 of the GROVER embedding
feat_2848,float,,Feature 2848 of the GROVER embedding
feat_2849,float,,Feature 2849 of the GROVER embedding
feat_2850,float,,Feature 2850 of the GROVER embedding
feat_2851,float,,Feature 2851 of the GROVER embedding
feat_2852,float,,Feature 2852 of the GROVER embedding
feat_2853,float,,Feature 2853 of the GROVER embedding
feat_2854,float,,Feature 2854 of the GROVER embedding
feat_2855,float,,Feature 2855 of the GROVER embedding
feat_2856,float,,Feature 2856 of the GROVER embedding
feat_2857,float,,Feature 2857 of the GROVER embedding
feat_2858,float,,Feature 2858 of the GROVER embedding
feat_2859,float,,Feature 2859 of the GROVER embedding
feat_2860,float,,Feature 2860 of the GROVER embedding
feat_2861,float,,Feature 2861 of the GROVER embedding
feat_2862,float,,Feature 2862 of the GROVER embedding
feat_2863,float,,Feature 2863 of the GROVER embedding
feat_2864,float,,Feature 2864 of the GROVER embedding
feat_2865,float,,Feature 2865 of the GROVER embedding
feat_2866,float,,Feature 2866 of the GROVER embedding
feat_2867,float,,Feature 2867 of the GROVER embedding
feat_2868,float,,Feature 2868 of the GROVER embedding
feat_2869,float,,Feature 2869 of the GROVER embedding
feat_2870,float,,Feature 2870 of the GROVER embedding
feat_2871,float,,Feature 2871 of the GROVER embedding
feat_2872,float,,Feature 2872 of the GROVER embedding
feat_2873,float,,Feature 2873 of the GROVER embedding
feat_2874,float,,Feature 2874 of the GROVER embedding
feat_2875,float,,Feature 2875 of the GROVER embedding
feat_2876,float,,Feature 2876 of the GROVER embedding
feat_2877,float,,Feature 2877 of the GROVER embedding
feat_2878,float,,Feature 2878 of the GROVER embedding
feat_2879,float,,Feature 2879 of the GROVER embedding
feat_2880,float,,Feature 2880 of the GROVER embedding
feat_2881,float,,Feature 2881 of the GROVER embedding
feat_2882,float,,Feature 2882 of the GROVER embedding
feat_2883,float,,Feature 2883 of the GROVER embedding
feat_2884,float,,Feature 2884 of the GROVER embedding
feat_2885,float,,Feature 2885 of the GROVER embedding
feat_2886,float,,Feature 2886 of the GROVER embedding
feat_2887,float,,Feature 2887 of the GROVER embedding
feat_2888,float,,Feature 2888 of the GROVER embedding
feat_2889,float,,Feature 2889 of the GROVER embedding
feat_2890,float,,Feature 2890 of the GROVER embedding
feat_2891,float,,Feature 2891 of the GROVER embedding
feat_2892,float,,Feature 2892 of the GROVER embedding
feat_2893,float,,Feature 2893 of the GROVER embedding
feat_2894,float,,Feature 2894 of the GROVER embedding
feat_2895,float,,Feature 2895 of the GROVER embedding
feat_2896,float,,Feature 2896 of the GROVER embedding
feat_2897,float,,Feature 2897 of the GROVER embedding
feat_2898,float,,Feature 2898 of the GROVER embedding
feat_2899,float,,Feature 2899 of the GROVER embedding
feat_2900,float,,Feature 2900 of the GROVER embedding
feat_2901,float,,Feature 2901 of the GROVER embedding
feat_2902,float,,Feature 2902 of the GROVER embedding
feat_2903,float,,Feature 2903 of the GROVER embedding
feat_2904,float,,Feature 2904 of the GROVER embedding
feat_2905,float,,Feature 2905 of the GROVER embedding
feat_2906,float,,Feature 2906 of the GROVER embedding
feat_2907,float,,Feature 2907 of the GROVER embedding
feat_2908,float,,Feature 2908 of the GROVER embedding
feat_2909,float,,Feature 2909 of the GROVER embedding
feat_2910,float,,Feature 2910 of the GROVER embedding
feat_2911,float,,Feature 2911 of the GROVER embedding
feat_2912,float,,Feature 2912 of the GROVER embedding
feat_2913,float,,Feature 2913 of the GROVER embedding
feat_2914,float,,Feature 2914 of the GROVER embedding
feat_2915,float,,Feature 2915 of the GROVER embedding
feat_2916,float,,Feature 2916 of the GROVER embedding
feat_2917,float,,Feature 2917 of the GROVER embedding
feat_2918,float,,Feature 2918 of the GROVER embedding
feat_2919,float,,Feature 2919 of the GROVER embedding
feat_2920,float,,Feature 2920 of the GROVER embedding
feat_2921,float,,Feature 2921 of the GROVER embedding
feat_2922,float,,Feature 2922 of the GROVER embedding
feat_2923,float,,Feature 2923 of the GROVER embedding
feat_2924,float,,Feature 2924 of the GROVER embedding
feat_2925,float,,Feature 2925 of the GROVER embedding
feat_2926,float,,Feature 2926 of the GROVER embedding
feat_2927,float,,Feature 2927 of the GROVER embedding
feat_2928,float,,Feature 2928 of the GROVER embedding
feat_2929,float,,Feature 2929 of the GROVER embedding
feat_2930,float,,Feature 2930 of the GROVER embedding
feat_2931,float,,Feature 2931 of the GROVER embedding
feat_2932,float,,Feature 2932 of the GROVER embedding
feat_2933,float,,Feature 2933 of the GROVER embedding
feat_2934,float,,Feature 2934 of the GROVER embedding
feat_2935,float,,Feature 2935 of the GROVER embedding
feat_2936,float,,Feature 2936 of the GROVER embedding
feat_2937,float,,Feature 2937 of the GROVER embedding
feat_2938,float,,Feature 2938 of the GROVER embedding
feat_2939,float,,Feature 2939 of the GROVER embedding
feat_2940,float,,Feature 2940 of the GROVER embedding
feat_2941,float,,Feature 2941 of the GROVER embedding
feat_2942,float,,Feature 2942 of the GROVER embedding
feat_2943,float,,Feature 2943 of the GROVER embedding
feat_2944,float,,Feature 2944 of the GROVER embedding
feat_2945,float,,Feature 2945 of the GROVER embedding
feat_2946,float,,Feature 2946 of the GROVER embedding
feat_2947,float,,Feature 2947 of the GROVER embedding
feat_2948,float,,Feature 2948 of the GROVER embedding
feat_2949,float,,Feature 2949 of the GROVER embedding
feat_2950,float,,Feature 2950 of the GROVER embedding
feat_2951,float,,Feature 2951 of the GROVER embedding
feat_2952,float,,Feature 2952 of the GROVER embedding
feat_2953,float,,Feature 2953 of the GROVER embedding
feat_2954,float,,Feature 2954 of the GROVER embedding
feat_2955,float,,Feature 2955 of the GROVER embedding
feat_2956,float,,Feature 2956 of the GROVER embedding
feat_2957,float,,Feature 2957 of the GROVER embedding
feat_2958,float,,Feature 2958 of the GROVER embedding
feat_2959,float,,Feature 2959 of the GROVER embedding
feat_2960,float,,Feature 2960 of the GROVER embedding
feat_2961,float,,Feature 2961 of the GROVER embedding
feat_2962,float,,Feature 2962 of the GROVER embedding
feat_2963,float,,Feature 2963 of the GROVER embedding
feat_2964,float,,Feature 2964 of the GROVER embedding
feat_2965,float,,Feature 2965 of the GROVER embedding
feat_2966,float,,Feature 2966 of the GROVER embedding
feat_2967,float,,Feature 2967 of the GROVER embedding
feat_2968,float,,Feature 2968 of the GROVER embedding
feat_2969,float,,Feature 2969 of the GROVER embedding
feat_2970,float,,Feature 2970 of the GROVER embedding
feat_2971,float,,Feature 2971 of the GROVER embedding
feat_2972,float,,Feature 2972 of the GROVER embedding
feat_2973,float,,Feature 2973 of the GROVER embedding
feat_2974,float,,Feature 2974 of the GROVER embedding
feat_2975,float,,Feature 2975 of the GROVER embedding
feat_2976,float,,Feature 2976 of the GROVER embedding
feat_2977,float,,Feature 2977 of the GROVER embedding
feat_2978,float,,Feature 2978 of the GROVER embedding
feat_2979,float,,Feature 2979 of the GROVER embedding
feat_2980,float,,Feature 2980 of the GROVER embedding
feat_2981,float,,Feature 2981 of the GROVER embedding
feat_2982,float,,Feature 2982 of the GROVER embedding
feat_2983,float,,Feature 2983 of the GROVER embedding
feat_2984,float,,Feature 2984 of the GROVER embedding
feat_2985,float,,Feature 2985 of the GROVER embedding
feat_2986,float,,Feature 2986 of the GROVER embedding
feat_2987,float,,Feature 2987 of the GROVER embedding
feat_2988,float,,Feature 2988 of the GROVER embedding
feat_2989,float,,Feature 2989 of the GROVER embedding
feat_2990,float,,Feature 2990 of the GROVER embedding
feat_2991,float,,Feature 2991 of the GROVER embedding
feat_2992,float,,Feature 2992 of the GROVER embedding
feat_2993,float,,Feature 2993 of the GROVER embedding
feat_2994,float,,Feature 2994 of the GROVER embedding
feat_2995,float,,Feature 2995 of the GROVER embedding
feat_2996,float,,Feature 2996 of the GROVER embedding
feat_2997,float,,Feature 2997 of the GROVER embedding
feat_2998,float,,Feature 2998 of the GROVER embedding
feat_2999,float,,Feature 2999 of the GROVER embedding
feat_3000,float,,Feature 3000 of the GROVER embedding
feat_3001,float,,Feature 3001 of the GROVER embedding
feat_3002,float,,Feature 3002 of the GROVER embedding
feat_3003,float,,Feature 3003 of the GROVER embedding
feat_3004,float,,Feature 3004 of the GROVER embedding
feat_3005,float,,Feature 3005 of the GROVER embedding
feat_3006,float,,Feature 3006 of the GROVER embedding
feat_3007,float,,Feature 3007 of the GROVER embedding
feat_3008,float,,Feature 3008 of the GROVER embedding
feat_3009,float,,Feature 3009 of the GROVER embedding
feat_3010,float,,Feature 3010 of the GROVER embedding
feat_3011,float,,Feature 3011 of the GROVER embedding
feat_3012,float,,Feature 3012 of the GROVER embedding
feat_3013,float,,Feature 3013 of the GROVER embedding
feat_3014,float,,Feature 3014 of the GROVER embedding
feat_3015,float,,Feature 3015 of the GROVER embedding
feat_3016,float,,Feature 3016 of the GROVER embedding
feat_3017,float,,Feature 3017 of the GROVER embedding
feat_3018,float,,Feature 3018 of the GROVER embedding
feat_3019,float,,Feature 3019 of the GROVER embedding
feat_3020,float,,Feature 3020 of the GROVER embedding
feat_3021,float,,Feature 3021 of the GROVER embedding
feat_3022,float,,Feature 3022 of the GROVER embedding
feat_3023,float,,Feature 3023 of the GROVER embedding
feat_3024,float,,Feature 3024 of the GROVER embedding
feat_3025,float,,Feature 3025 of the GROVER embedding
feat_3026,float,,Feature 3026 of the GROVER embedding
feat_3027,float,,Feature 3027 of the GROVER embedding
feat_3028,float,,Feature 3028 of the GROVER embedding
feat_3029,float,,Feature 3029 of the GROVER embedding
feat_3030,float,,Feature 3030 of the GROVER embedding
feat_3031,float,,Feature 3031 of the GROVER embedding
feat_3032,float,,Feature 3032 of the GROVER embedding
feat_3033,float,,Feature 3033 of the GROVER embedding
feat_3034,float,,Feature 3034 of the GROVER embedding
feat_3035,float,,Feature 3035 of the GROVER embedding
feat_3036,float,,Feature 3036 of the GROVER embedding
feat_3037,float,,Feature 3037 of the GROVER embedding
feat_3038,float,,Feature 3038 of the GROVER embedding
feat_3039,float,,Feature 3039 of the GROVER embedding
feat_3040,float,,Feature 3040 of the GROVER embedding
feat_3041,float,,Feature 3041 of the GROVER embedding
feat_3042,float,,Feature 3042 of the GROVER embedding
feat_3043,float,,Feature 3043 of the GROVER embedding
feat_3044,float,,Feature 3044 of the GROVER embedding
feat_3045,float,,Feature 3045 of the GROVER embedding
feat_3046,float,,Feature 3046 of the GROVER embedding
feat_3047,float,,Feature 3047 of the GROVER embedding
feat_3048,float,,Feature 3048 of the GROVER embedding
feat_3049,float,,Feature 3049 of the GROVER embedding
feat_3050,float,,Feature 3050 of the GROVER embedding
feat_3051,float,,Feature 3051 of the GROVER embedding
feat_3052,float,,Feature 3052 of the GROVER embedding
feat_3053,float,,Feature 3053 of the GROVER embedding
feat_3054,float,,Feature 3054 of the GROVER embedding
feat_3055,float,,Feature 3055 of the GROVER embedding
feat_3056,float,,Feature 3056 of the GROVER embedding
feat_3057,float,,Feature 3057 of the GROVER embedding
feat_3058,float,,Feature 3058 of the GROVER embedding
feat_3059,float,,Feature 3059 of the GROVER embedding
feat_3060,float,,Feature 3060 of the GROVER embedding
feat_3061,float,,Feature 3061 of the GROVER embedding
feat_3062,float,,Feature 3062 of the GROVER embedding
feat_3063,float,,Feature 3063 of the GROVER embedding
feat_3064,float,,Feature 3064 of the GROVER embedding
feat_3065,float,,Feature 3065 of the GROVER embedding
feat_3066,float,,Feature 3066 of the GROVER embedding
feat_3067,float,,Feature 3067 of the GROVER embedding
feat_3068,float,,Feature 3068 of the GROVER embedding
feat_3069,float,,Feature 3069 of the GROVER embedding
feat_3070,float,,Feature 3070 of the GROVER embedding
feat_3071,float,,Feature 3071 of the GROVER embedding
feat_3072,float,,Feature 3072 of the GROVER embedding
feat_3073,float,,Feature 3073 of the GROVER embedding
feat_3074,float,,Feature 3074 of the GROVER embedding
feat_3075,float,,Feature 3075 of the GROVER embedding
feat_3076,float,,Feature 3076 of the GROVER embedding
feat_3077,float,,Feature 3077 of the GROVER embedding
feat_3078,float,,Feature 3078 of the GROVER embedding
feat_3079,float,,Feature 3079 of the GROVER embedding
feat_3080,float,,Feature 3080 of the GROVER embedding
feat_3081,float,,Feature 3081 of the GROVER embedding
feat_3082,float,,Feature 3082 of the GROVER embedding
feat_3083,float,,Feature 3083 of the GROVER embedding
feat_3084,float,,Feature 3084 of the GROVER embedding
feat_3085,float,,Feature 3085 of the GROVER embedding
feat_3086,float,,Feature 3086 of the GROVER embedding
feat_3087,float,,Feature 3087 of the GROVER embedding
feat_3088,float,,Feature 3088 of the GROVER embedding
feat_3089,float,,Feature 3089 of the GROVER embedding
feat_3090,float,,Feature 3090 of the GROVER embedding
feat_3091,float,,Feature 3091 of the GROVER embedding
feat_3092,float,,Feature 3092 of the GROVER embedding
feat_3093,float,,Feature 3093 of the GROVER embedding
feat_3094,float,,Feature 3094 of the GROVER embedding
feat_3095,float,,Feature 3095 of the GROVER embedding
feat_3096,float,,Feature 3096 of the GROVER embedding
feat_3097,float,,Feature 3097 of the GROVER embedding
feat_3098,float,,Feature 3098 of the GROVER embedding
feat_3099,float,,Feature 3099 of the GROVER embedding
feat_3100,float,,Feature 3100 of the GROVER embedding
feat_3101,float,,Feature 3101 of the GROVER embedding
feat_3102,float,,Feature 3102 of the GROVER embedding
feat_3103,float,,Feature 3103 of the GROVER embedding
feat_3104,float,,Feature 3104 of the GROVER embedding
feat_3105,float,,Feature 3105 of the GROVER embedding
feat_3106,float,,Feature 3106 of the GROVER embedding
feat_3107,float,,Feature 3107 of the GROVER embedding
feat_3108,float,,Feature 3108 of the GROVER embedding
feat_3109,float,,Feature 3109 of the GROVER embedding
feat_3110,float,,Feature 3110 of the GROVER embedding
feat_3111,float,,Feature 3111 of the GROVER embedding
feat_3112,float,,Feature 3112 of the GROVER embedding
feat_3113,float,,Feature 3113 of the GROVER embedding
feat_3114,float,,Feature 3114 of the GROVER embedding
feat_3115,float,,Feature 3115 of the GROVER embedding
feat_3116,float,,Feature 3116 of the GROVER embedding
feat_3117,float,,Feature 3117 of the GROVER embedding
feat_3118,float,,Feature 3118 of the GROVER embedding
feat_3119,float,,Feature 3119 of the GROVER embedding
feat_3120,float,,Feature 3120 of the GROVER embedding
feat_3121,float,,Feature 3121 of the GROVER embedding
feat_3122,float,,Feature 3122 of the GROVER embedding
feat_3123,float,,Feature 3123 of the GROVER embedding
feat_3124,float,,Feature 3124 of the GROVER embedding
feat_3125,float,,Feature 3125 of the GROVER embedding
feat_3126,float,,Feature 3126 of the GROVER embedding
feat_3127,float,,Feature 3127 of the GROVER embedding
feat_3128,float,,Feature 3128 of the GROVER embedding
feat_3129,float,,Feature 3129 of the GROVER embedding
feat_3130,float,,Feature 3130 of the GROVER embedding
feat_3131,float,,Feature 3131 of the GROVER embedding
feat_3132,float,,Feature 3132 of the GROVER embedding
feat_3133,float,,Feature 3133 of the GROVER embedding
feat_3134,float,,Feature 3134 of the GROVER embedding
feat_3135,float,,Feature 3135 of the GROVER embedding
feat_3136,float,,Feature 3136 of the GROVER embedding
feat_3137,float,,Feature 3137 of the GROVER embedding
feat_3138,float,,Feature 3138 of the GROVER embedding
feat_3139,float,,Feature 3139 of the GROVER embedding
feat_3140,float,,Feature 3140 of the GROVER embedding
feat_3141,float,,Feature 3141 of the GROVER embedding
feat_3142,float,,Feature 3142 of the GROVER embedding
feat_3143,float,,Feature 3143 of the GROVER embedding
feat_3144,float,,Feature 3144 of the GROVER embedding
feat_3145,float,,Feature 3145 of the GROVER embedding
feat_3146,float,,Feature 3146 of the GROVER embedding
feat_3147,float,,Feature 3147 of the GROVER embedding
feat_3148,float,,Feature 3148 of the GROVER embedding
feat_3149,float,,Feature 3149 of the GROVER embedding
feat_3150,float,,Feature 3150 of the GROVER embedding
feat_3151,float,,Feature 3151 of the GROVER embedding
feat_3152,float,,Feature 3152 of the GROVER embedding
feat_3153,float,,Feature 3153 of the GROVER embedding
feat_3154,float,,Feature 3154 of the GROVER embedding
feat_3155,float,,Feature 3155 of the GROVER embedding
feat_3156,float,,Feature 3156 of the GROVER embedding
feat_3157,float,,Feature 3157 of the GROVER embedding
feat_3158,float,,Feature 3158 of the GROVER embedding
feat_3159,float,,Feature 3159 of the GROVER embedding
feat_3160,float,,Feature 3160 of the GROVER embedding
feat_3161,float,,Feature 3161 of the GROVER embedding
feat_3162,float,,Feature 3162 of the GROVER embedding
feat_3163,float,,Feature 3163 of the GROVER embedding
feat_3164,float,,Feature 3164 of the GROVER embedding
feat_3165,float,,Feature 3165 of the GROVER embedding
feat_3166,float,,Feature 3166 of the GROVER embedding
feat_3167,float,,Feature 3167 of the GROVER embedding
feat_3168,float,,Feature 3168 of the GROVER embedding
feat_3169,float,,Feature 3169 of the GROVER embedding
feat_3170,float,,Feature 3170 of the GROVER embedding
feat_3171,float,,Feature 3171 of the GROVER embedding
feat_3172,float,,Feature 3172 of the GROVER embedding
feat_3173,float,,Feature 3173 of the GROVER embedding
feat_3174,float,,Feature 3174 of the GROVER embedding
feat_3175,float,,Feature 3175 of the GROVER embedding
feat_3176,float,,Feature 3176 of the GROVER embedding
feat_3177,float,,Feature 3177 of the GROVER embedding
feat_3178,float,,Feature 3178 of the GROVER embedding
feat_3179,float,,Feature 3179 of the GROVER embedding
feat_3180,float,,Feature 3180 of the GROVER embedding
feat_3181,float,,Feature 3181 of the GROVER embedding
feat_3182,float,,Feature 3182 of the GROVER embedding
feat_3183,float,,Feature 3183 of the GROVER embedding
feat_3184,float,,Feature 3184 of the GROVER embedding
feat_3185,float,,Feature 3185 of the GROVER embedding
feat_3186,float,,Feature 3186 of the GROVER embedding
feat_3187,float,,Feature 3187 of the GROVER embedding
feat_3188,float,,Feature 3188 of the GROVER embedding
feat_3189,float,,Feature 3189 of the GROVER embedding
feat_3190,float,,Feature 3190 of the GROVER embedding
feat_3191,float,,Feature 3191 of the GROVER embedding
feat_3192,float,,Feature 3192 of the GROVER embedding
feat_3193,float,,Feature 3193 of the GROVER embedding
feat_3194,float,,Feature 3194 of the GROVER embedding
feat_3195,float,,Feature 3195 of the GROVER embedding
feat_3196,float,,Feature 3196 of the GROVER embedding
feat_3197,float,,Feature 3197 of the GROVER embedding
feat_3198,float,,Feature 3198 of the GROVER embedding
feat_3199,float,,Feature 3199 of the GROVER embedding
feat_3200,float,,Feature 3200 of the GROVER embedding
feat_3201,float,,Feature 3201 of the GROVER embedding
feat_3202,float,,Feature 3202 of the GROVER embedding
feat_3203,float,,Feature 3203 of the GROVER embedding
feat_3204,float,,Feature 3204 of the GROVER embedding
feat_3205,float,,Feature 3205 of the GROVER embedding
feat_3206,float,,Feature 3206 of the GROVER embedding
feat_3207,float,,Feature 3207 of the GROVER embedding
feat_3208,float,,Feature 3208 of the GROVER embedding
feat_3209,float,,Feature 3209 of the GROVER embedding
feat_3210,float,,Feature 3210 of the GROVER embedding
feat_3211,float,,Feature 3211 of the GROVER embedding
feat_3212,float,,Feature 3212 of the GROVER embedding
feat_3213,float,,Feature 3213 of the GROVER embedding
feat_3214,float,,Feature 3214 of the GROVER embedding
feat_3215,float,,Feature 3215 of the GROVER embedding
feat_3216,float,,Feature 3216 of the GROVER embedding
feat_3217,float,,Feature 3217 of the GROVER embedding
feat_3218,float,,Feature 3218 of the GROVER embedding
feat_3219,float,,Feature 3219 of the GROVER embedding
feat_3220,float,,Feature 3220 of the GROVER embedding
feat_3221,float,,Feature 3221 of the GROVER embedding
feat_3222,float,,Feature 3222 of the GROVER embedding
feat_3223,float,,Feature 3223 of the GROVER embedding
feat_3224,float,,Feature 3224 of the GROVER embedding
feat_3225,float,,Feature 3225 of the GROVER embedding
feat_3226,float,,Feature 3226 of the GROVER embedding
feat_3227,float,,Feature 3227 of the GROVER embedding
feat_3228,float,,Feature 3228 of the GROVER embedding
feat_3229,float,,Feature 3229 of the GROVER embedding
feat_3230,float,,Feature 3230 of the GROVER embedding
feat_3231,float,,Feature 3231 of the GROVER embedding
feat_3232,float,,Feature 3232 of the GROVER embedding
feat_3233,float,,Feature 3233 of the GROVER embedding
feat_3234,float,,Feature 3234 of the GROVER embedding
feat_3235,float,,Feature 3235 of the GROVER embedding
feat_3236,float,,Feature 3236 of the GROVER embedding
feat_3237,float,,Feature 3237 of the GROVER embedding
feat_3238,float,,Feature 3238 of the GROVER embedding
feat_3239,float,,Feature 3239 of the GROVER embedding
feat_3240,float,,Feature 3240 of the GROVER embedding
feat_3241,float,,Feature 3241 of the GROVER embedding
feat_3242,float,,Feature 3242 of the GROVER embedding
feat_3243,float,,Feature 3243 of the GROVER embedding
feat_3244,float,,Feature 3244 of the GROVER embedding
feat_3245,float,,Feature 3245 of the GROVER embedding
feat_3246,float,,Feature 3246 of the GROVER embedding
feat_3247,float,,Feature 3247 of the GROVER embedding
feat_3248,float,,Feature 3248 of the GROVER embedding
feat_3249,float,,Feature 3249 of the GROVER embedding
feat_3250,float,,Feature 3250 of the GROVER embedding
feat_3251,float,,Feature 3251 of the GROVER embedding
feat_3252,float,,Feature 3252 of the GROVER embedding
feat_3253,float,,Feature 3253 of the GROVER embedding
feat_3254,float,,Feature 3254 of the GROVER embedding
feat_3255,float,,Feature 3255 of the GROVER embedding
feat_3256,float,,Feature 3256 of the GROVER embedding
feat_3257,float,,Feature 3257 of the GROVER embedding
feat_3258,float,,Feature 3258 of the GROVER embedding
feat_3259,float,,Feature 3259 of the GROVER embedding
feat_3260,float,,Feature 3260 of the GROVER embedding
feat_3261,float,,Feature 3261 of the GROVER embedding
feat_3262,float,,Feature 3262 of the GROVER embedding
feat_3263,float,,Feature 3263 of the GROVER embedding
feat_3264,float,,Feature 3264 of the GROVER embedding
feat_3265,float,,Feature 3265 of the GROVER embedding
feat_3266,float,,Feature 3266 of the GROVER embedding
feat_3267,float,,Feature 3267 of the GROVER embedding
feat_3268,float,,Feature 3268 of the GROVER embedding
feat_3269,float,,Feature 3269 of the GROVER embedding
feat_3270,float,,Feature 3270 of the GROVER embedding
feat_3271,float,,Feature 3271 of the GROVER embedding
feat_3272,float,,Feature 3272 of the GROVER embedding
feat_3273,float,,Feature 3273 of the GROVER embedding
feat_3274,float,,Feature 3274 of the GROVER embedding
feat_3275,float,,Feature 3275 of the GROVER embedding
feat_3276,float,,Feature 3276 of the GROVER embedding
feat_3277,float,,Feature 3277 of the GROVER embedding
feat_3278,float,,Feature 3278 of the GROVER embedding
feat_3279,float,,Feature 3279 of the GROVER embedding
feat_3280,float,,Feature 3280 of the GROVER embedding
feat_3281,float,,Feature 3281 of the GROVER embedding
feat_3282,float,,Feature 3282 of the GROVER embedding
feat_3283,float,,Feature 3283 of the GROVER embedding
feat_3284,float,,Feature 3284 of the GROVER embedding
feat_3285,float,,Feature 3285 of the GROVER embedding
feat_3286,float,,Feature 3286 of the GROVER embedding
feat_3287,float,,Feature 3287 of the GROVER embedding
feat_3288,float,,Feature 3288 of the GROVER embedding
feat_3289,float,,Feature 3289 of the GROVER embedding
feat_3290,float,,Feature 3290 of the GROVER embedding
feat_3291,float,,Feature 3291 of the GROVER embedding
feat_3292,float,,Feature 3292 of the GROVER embedding
feat_3293,float,,Feature 3293 of the GROVER embedding
feat_3294,float,,Feature 3294 of the GROVER embedding
feat_3295,float,,Feature 3295 of the GROVER embedding
feat_3296,float,,Feature 3296 of the GROVER embedding
feat_3297,float,,Feature 3297 of the GROVER embedding
feat_3298,float,,Feature 3298 of the GROVER embedding
feat_3299,float,,Feature 3299 of the GROVER embedding
feat_3300,float,,Feature 3300 of the GROVER embedding
feat_3301,float,,Feature 3301 of the GROVER embedding
feat_3302,float,,Feature 3302 of the GROVER embedding
feat_3303,float,,Feature 3303 of the GROVER embedding
feat_3304,float,,Feature 3304 of the GROVER embedding
feat_3305,float,,Feature 3305 of the GROVER embedding
feat_3306,float,,Feature 3306 of the GROVER embedding
feat_3307,float,,Feature 3307 of the GROVER embedding
feat_3308,float,,Feature 3308 of the GROVER embedding
feat_3309,float,,Feature 3309 of the GROVER embedding
feat_3310,float,,Feature 3310 of the GROVER embedding
feat_3311,float,,Feature 3311 of the GROVER embedding
feat_3312,float,,Feature 3312 of the GROVER embedding
feat_3313,float,,Feature 3313 of the GROVER embedding
feat_3314,float,,Feature 3314 of the GROVER embedding
feat_3315,float,,Feature 3315 of the GROVER embedding
feat_3316,float,,Feature 3316 of the GROVER embedding
feat_3317,float,,Feature 3317 of the GROVER embedding
feat_3318,float,,Feature 3318 of the GROVER embedding
feat_3319,float,,Feature 3319 of the GROVER embedding
feat_3320,float,,Feature 3320 of the GROVER embedding
feat_3321,float,,Feature 3321 of the GROVER embedding
feat_3322,float,,Feature 3322 of the GROVER embedding
feat_3323,float,,Feature 3323 of the GROVER embedding
feat_3324,float,,Feature 3324 of the GROVER embedding
feat_3325,float,,Feature 3325 of the GROVER embedding
feat_3326,float,,Feature 3326 of the GROVER embedding
feat_3327,float,,Feature 3327 of the GROVER embedding
feat_3328,float,,Feature 3328 of the GROVER embedding
feat_3329,float,,Feature 3329 of the GROVER embedding
feat_3330,float,,Feature 3330 of the GROVER embedding
feat_3331,float,,Feature 3331 of the GROVER embedding
feat_3332,float,,Feature 3332 of the GROVER embedding
feat_3333,float,,Feature 3333 of the GROVER embedding
feat_3334,float,,Feature 3334 of the GROVER embedding
feat_3335,float,,Feature 3335 of the GROVER embedding
feat_3336,float,,Feature 3336 of the GROVER embedding
feat_3337,float,,Feature 3337 of the GROVER embedding
feat_3338,float,,Feature 3338 of the GROVER embedding
feat_3339,float,,Feature 3339 of the GROVER embedding
feat_3340,float,,Feature 3340 of the GROVER embedding
feat_3341,float,,Feature 3341 of the GROVER embedding
feat_3342,float,,Feature 3342 of the GROVER embedding
feat_3343,float,,Feature 3343 of the GROVER embedding
feat_3344,float,,Feature 3344 of the GROVER embedding
feat_3345,float,,Feature 3345 of the GROVER embedding
feat_3346,float,,Feature 3346 of the GROVER embedding
feat_3347,float,,Feature 3347 of the GROVER embedding
feat_3348,float,,Feature 3348 of the GROVER embedding
feat_3349,float,,Feature 3349 of the GROVER embedding
feat_3350,float,,Feature 3350 of the GROVER embedding
feat_3351,float,,Feature 3351 of the GROVER embedding
feat_3352,float,,Feature 3352 of the GROVER embedding
feat_3353,float,,Feature 3353 of the GROVER embedding
feat_3354,float,,Feature 3354 of the GROVER embedding
feat_3355,float,,Feature 3355 of the GROVER embedding
feat_3356,float,,Feature 3356 of the GROVER embedding
feat_3357,float,,Feature 3357 of the GROVER embedding
feat_3358,float,,Feature 3358 of the GROVER embedding
feat_3359,float,,Feature 3359 of the GROVER embedding
feat_3360,float,,Feature 3360 of the GROVER embedding
feat_3361,float,,Feature 3361 of the GROVER embedding
feat_3362,float,,Feature 3362 of the GROVER embedding
feat_3363,float,,Feature 3363 of the GROVER embedding
feat_3364,float,,Feature 3364 of the GROVER embedding
feat_3365,float,,Feature 3365 of the GROVER embedding
feat_3366,float,,Feature 3366 of the GROVER embedding
feat_3367,float,,Feature 3367 of the GROVER embedding
feat_3368,float,,Feature 3368 of the GROVER embedding
feat_3369,float,,Feature 3369 of the GROVER embedding
feat_3370,float,,Feature 3370 of the GROVER embedding
feat_3371,float,,Feature 3371 of the GROVER embedding
feat_3372,float,,Feature 3372 of the GROVER embedding
feat_3373,float,,Feature 3373 of the GROVER embedding
feat_3374,float,,Feature 3374 of the GROVER embedding
feat_3375,float,,Feature 3375 of the GROVER embedding
feat_3376,float,,Feature 3376 of the GROVER embedding
feat_3377,float,,Feature 3377 of the GROVER embedding
feat_3378,float,,Feature 3378 of the GROVER embedding
feat_3379,float,,Feature 3379 of the GROVER embedding
feat_3380,float,,Feature 3380 of the GROVER embedding
feat_3381,float,,Feature 3381 of the GROVER embedding
feat_3382,float,,Feature 3382 of the GROVER embedding
feat_3383,float,,Feature 3383 of the GROVER embedding
feat_3384,float,,Feature 3384 of the GROVER embedding
feat_3385,float,,Feature 3385 of the GROVER embedding
feat_3386,float,,Feature 3386 of the GROVER embedding
feat_3387,float,,Feature 3387 of the GROVER embedding
feat_3388,float,,Feature 3388 of the GROVER embedding
feat_3389,float,,Feature 3389 of the GROVER embedding
feat_3390,float,,Feature 3390 of the GROVER embedding
feat_3391,float,,Feature 3391 of the GROVER embedding
feat_3392,float,,Feature 3392 of the GROVER embedding
feat_3393,float,,Feature 3393 of the GROVER embedding
feat_3394,float,,Feature 3394 of the GROVER embedding
feat_3395,float,,Feature 3395 of the GROVER embedding
feat_3396,float,,Feature 3396 of the GROVER embedding
feat_3397,float,,Feature 3397 of the GROVER embedding
feat_3398,float,,Feature 3398 of the GROVER embedding
feat_3399,float,,Feature 3399 of the GROVER embedding
feat_3400,float,,Feature 3400 of the GROVER embedding
feat_3401,float,,Feature 3401 of the GROVER embedding
feat_3402,float,,Feature 3402 of the GROVER embedding
feat_3403,float,,Feature 3403 of the GROVER embedding
feat_3404,float,,Feature 3404 of the GROVER embedding
feat_3405,float,,Feature 3405 of the GROVER embedding
feat_3406,float,,Feature 3406 of the GROVER embedding
feat_3407,float,,Feature 3407 of the GROVER embedding
feat_3408,float,,Feature 3408 of the GROVER embedding
feat_3409,float,,Feature 3409 of the GROVER embedding
feat_3410,float,,Feature 3410 of the GROVER embedding
feat_3411,float,,Feature 3411 of the GROVER embedding
feat_3412,float,,Feature 3412 of the GROVER embedding
feat_3413,float,,Feature 3413 of the GROVER embedding
feat_3414,float,,Feature 3414 of the GROVER embedding
feat_3415,float,,Feature 3415 of the GROVER embedding
feat_3416,float,,Feature 3416 of the GROVER embedding
feat_3417,float,,Feature 3417 of the GROVER embedding
feat_3418,float,,Feature 3418 of the GROVER embedding
feat_3419,float,,Feature 3419 of the GROVER embedding
feat_3420,float,,Feature 3420 of the GROVER embedding
feat_3421,float,,Feature 3421 of the GROVER embedding
feat_3422,float,,Feature 3422 of the GROVER embedding
feat_3423,float,,Feature 3423 of the GROVER embedding
feat_3424,float,,Feature 3424 of the GROVER embedding
feat_3425,float,,Feature 3425 of the GROVER embedding
feat_3426,float,,Feature 3426 of the GROVER embedding
feat_3427,float,,Feature 3427 of the GROVER embedding
feat_3428,float,,Feature 3428 of the GROVER embedding
feat_3429,float,,Feature 3429 of the GROVER embedding
feat_3430,float,,Feature 3430 of the GROVER embedding
feat_3431,float,,Feature 3431 of the GROVER embedding
feat_3432,float,,Feature 3432 of the GROVER embedding
feat_3433,float,,Feature 3433 of the GROVER embedding
feat_3434,float,,Feature 3434 of the GROVER embedding
feat_3435,float,,Feature 3435 of the GROVER embedding
feat_3436,float,,Feature 3436 of the GROVER embedding
feat_3437,float,,Feature 3437 of the GROVER embedding
feat_3438,float,,Feature 3438 of the GROVER embedding
feat_3439,float,,Feature 3439 of the GROVER embedding
feat_3440,float,,Feature 3440 of the GROVER embedding
feat_3441,float,,Feature 3441 of the GROVER embedding
feat_3442,float,,Feature 3442 of the GROVER embedding
feat_3443,float,,Feature 3443 of the GROVER embedding
feat_3444,float,,Feature 3444 of the GROVER embedding
feat_3445,float,,Feature 3445 of the GROVER embedding
feat_3446,float,,Feature 3446 of the GROVER embedding
feat_3447,float,,Feature 3447 of the GROVER embedding
feat_3448,float,,Feature 3448 of the GROVER embedding
feat_3449,float,,Feature 3449 of the GROVER embedding
feat_3450,float,,Feature 3450 of the GROVER embedding
feat_3451,float,,Feature 3451 of the GROVER embedding
feat_3452,float,,Feature 3452 of the GROVER embedding
feat_3453,float,,Feature 3453 of the GROVER embedding
feat_3454,float,,Feature 3454 of the GROVER embedding
feat_3455,float,,Feature 3455 of the GROVER embedding
feat_3456,float,,Feature 3456 of the GROVER embedding
feat_3457,float,,Feature 3457 of the GROVER embedding
feat_3458,float,,Feature 3458 of the GROVER embedding
feat_3459,float,,Feature 3459 of the GROVER embedding
feat_3460,float,,Feature 3460 of the GROVER embedding
feat_3461,float,,Feature 3461 of the GROVER embedding
feat_3462,float,,Feature 3462 of the GROVER embedding
feat_3463,float,,Feature 3463 of the GROVER embedding
feat_3464,float,,Feature 3464 of the GROVER embedding
feat_3465,float,,Feature 3465 of the GROVER embedding
feat_3466,float,,Feature 3466 of the GROVER embedding
feat_3467,float,,Feature 3467 of the GROVER embedding
feat_3468,float,,Feature 3468 of the GROVER embedding
feat_3469,float,,Feature 3469 of the GROVER embedding
feat_3470,float,,Feature 3470 of the GROVER embedding
feat_3471,float,,Feature 3471 of the GROVER embedding
feat_3472,float,,Feature 3472 of the GROVER embedding
feat_3473,float,,Feature 3473 of the GROVER embedding
feat_3474,float,,Feature 3474 of the GROVER embedding
feat_3475,float,,Feature 3475 of the GROVER embedding
feat_3476,float,,Feature 3476 of the GROVER embedding
feat_3477,float,,Feature 3477 of the GROVER embedding
feat_3478,float,,Feature 3478 of the GROVER embedding
feat_3479,float,,Feature 3479 of the GROVER embedding
feat_3480,float,,Feature 3480 of the GROVER embedding
feat_3481,float,,Feature 3481 of the GROVER embedding
feat_3482,float,,Feature 3482 of the GROVER embedding
feat_3483,float,,Feature 3483 of the GROVER embedding
feat_3484,float,,Feature 3484 of the GROVER embedding
feat_3485,float,,Feature 3485 of the GROVER embedding
feat_3486,float,,Feature 3486 of the GROVER embedding
feat_3487,float,,Feature 3487 of the GROVER embedding
feat_3488,float,,Feature 3488 of the GROVER embedding
feat_3489,float,,Feature 3489 of the GROVER embedding
feat_3490,float,,Feature 3490 of the GROVER embedding
feat_3491,float,,Feature 3491 of the GROVER embedding
feat_3492,float,,Feature 3492 of the GROVER embedding
feat_3493,float,,Feature 3493 of the GROVER embedding
feat_3494,float,,Feature 3494 of the GROVER embedding
feat_3495,float,,Feature 3495 of the GROVER embedding
feat_3496,float,,Feature 3496 of the GROVER embedding
feat_3497,float,,Feature 3497 of the GROVER embedding
feat_3498,float,,Feature 3498 of the GROVER embedding
feat_3499,float,,Feature 3499 of the GROVER embedding
feat_3500,float,,Feature 3500 of the GROVER embedding
feat_3501,float,,Feature 3501 of the GROVER embedding
feat_3502,float,,Feature 3502 of the GROVER embedding
feat_3503,float,,Feature 3503 of the GROVER embedding
feat_3504,float,,Feature 3504 of the GROVER embedding
feat_3505,float,,Feature 3505 of the GROVER embedding
feat_3506,float,,Feature 3506 of the GROVER embedding
feat_3507,float,,Feature 3507 of the GROVER embedding
feat_3508,float,,Feature 3508 of the GROVER embedding
feat_3509,float,,Feature 3509 of the GROVER embedding
feat_3510,float,,Feature 3510 of the GROVER embedding
feat_3511,float,,Feature 3511 of the GROVER embedding
feat_3512,float,,Feature 3512 of the GROVER embedding
feat_3513,float,,Feature 3513 of the GROVER embedding
feat_3514,float,,Feature 3514 of the GROVER embedding
feat_3515,float,,Feature 3515 of the GROVER embedding
feat_3516,float,,Feature 3516 of the GROVER embedding
feat_3517,float,,Feature 3517 of the GROVER embedding
feat_3518,float,,Feature 3518 of the GROVER embedding
feat_3519,float,,Feature 3519 of the GROVER embedding
feat_3520,float,,Feature 3520 of the GROVER embedding
feat_3521,float,,Feature 3521 of the GROVER embedding
feat_3522,float,,Feature 3522 of the GROVER embedding
feat_3523,float,,Feature 3523 of the GROVER embedding
feat_3524,float,,Feature 3524 of the GROVER embedding
feat_3525,float,,Feature 3525 of the GROVER embedding
feat_3526,float,,Feature 3526 of the GROVER embedding
feat_3527,float,,Feature 3527 of the GROVER embedding
feat_3528,float,,Feature 3528 of the GROVER embedding
feat_3529,float,,Feature 3529 of the GROVER embedding
feat_3530,float,,Feature 3530 of the GROVER embedding
feat_3531,float,,Feature 3531 of the GROVER embedding
feat_3532,float,,Feature 3532 of the GROVER embedding
feat_3533,float,,Feature 3533 of the GROVER embedding
feat_3534,float,,Feature 3534 of the GROVER embedding
feat_3535,float,,Feature 3535 of the GROVER embedding
feat_3536,float,,Feature 3536 of the GROVER embedding
feat_3537,float,,Feature 3537 of the GROVER embedding
feat_3538,float,,Feature 3538 of the GROVER embedding
feat_3539,float,,Feature 3539 of the GROVER embedding
feat_3540,float,,Feature 3540 of the GROVER embedding
feat_3541,float,,Feature 3541 of the GROVER embedding
feat_3542,float,,Feature 3542 of the GROVER embedding
feat_3543,float,,Feature 3543 of the GROVER embedding
feat_3544,float,,Feature 3544 of the GROVER embedding
feat_3545,float,,Feature 3545 of the GROVER embedding
feat_3546,float,,Feature 3546 of the GROVER embedding
feat_3547,float,,Feature 3547 of the GROVER embedding
feat_3548,float,,Feature 3548 of the GROVER embedding
feat_3549,float,,Feature 3549 of the GROVER embedding
feat_3550,float,,Feature 3550 of the GROVER embedding
feat_3551,float,,Feature 3551 of the GROVER embedding
feat_3552,float,,Feature 3552 of the GROVER embedding
feat_3553,float,,Feature 3553 of the GROVER embedding
feat_3554,float,,Feature 3554 of the GROVER embedding
feat_3555,float,,Feature 3555 of the GROVER embedding
feat_3556,float,,Feature 3556 of the GROVER embedding
feat_3557,float,,Feature 3557 of the GROVER embedding
feat_3558,float,,Feature 3558 of the GROVER embedding
feat_3559,float,,Feature 3559 of the GROVER embedding
feat_3560,float,,Feature 3560 of the GROVER embedding
feat_3561,float,,Feature 3561 of the GROVER embedding
feat_3562,float,,Feature 3562 of the GROVER embedding
feat_3563,float,,Feature 3563 of the GROVER embedding
feat_3564,float,,Feature 3564 of the GROVER embedding
feat_3565,float,,Feature 3565 of the GROVER embedding
feat_3566,float,,Feature 3566 of the GROVER embedding
feat_3567,float,,Feature 3567 of the GROVER embedding
feat_3568,float,,Feature 3568 of the GROVER embedding
feat_3569,float,,Feature 3569 of the GROVER embedding
feat_3570,float,,Feature 3570 of the GROVER embedding
feat_3571,float,,Feature 3571 of the GROVER embedding
feat_3572,float,,Feature 3572 of the GROVER embedding
feat_3573,float,,Feature 3573 of the GROVER embedding
feat_3574,float,,Feature 3574 of the GROVER embedding
feat_3575,float,,Feature 3575 of the GROVER embedding
feat_3576,float,,Feature 3576 of the GROVER embedding
feat_3577,float,,Feature 3577 of the GROVER embedding
feat_3578,float,,Feature 3578 of the GROVER embedding
feat_3579,float,,Feature 3579 of the GROVER embedding
feat_3580,float,,Feature 3580 of the GROVER embedding
feat_3581,float,,Feature 3581 of the GROVER embedding
feat_3582,float,,Feature 3582 of the GROVER embedding
feat_3583,float,,Feature 3583 of the GROVER embedding
feat_3584,float,,Feature 3584 of the GROVER embedding
feat_3585,float,,Feature 3585 of the GROVER embedding
feat_3586,float,,Feature 3586 of the GROVER embedding
feat_3587,float,,Feature 3587 of the GROVER embedding
feat_3588,float,,Feature 3588 of the GROVER embedding
feat_3589,float,,Feature 3589 of the GROVER embedding
feat_3590,float,,Feature 3590 of the GROVER embedding
feat_3591,float,,Feature 3591 of the GROVER embedding
feat_3592,float,,Feature 3592 of the GROVER embedding
feat_3593,float,,Feature 3593 of the GROVER embedding
feat_3594,float,,Feature 3594 of the GROVER embedding
feat_3595,float,,Feature 3595 of the GROVER embedding
feat_3596,float,,Feature 3596 of the GROVER embedding
feat_3597,float,,Feature 3597 of the GROVER embedding
feat_3598,float,,Feature 3598 of the GROVER embedding
feat_3599,float,,Feature 3599 of the GROVER embedding
feat_3600,float,,Feature 3600 of the GROVER embedding
feat_3601,float,,Feature 3601 of the GROVER embedding
feat_3602,float,,Feature 3602 of the GROVER embedding
feat_3603,float,,Feature 3603 of the GROVER embedding
feat_3604,float,,Feature 3604 of the GROVER embedding
feat_3605,float,,Feature 3605 of the GROVER embedding
feat_3606,float,,Feature 3606 of the GROVER embedding
feat_3607,float,,Feature 3607 of the GROVER embedding
feat_3608,float,,Feature 3608 of the GROVER embedding
feat_3609,float,,Feature 3609 of the GROVER embedding
feat_3610,float,,Feature 3610 of the GROVER embedding
feat_3611,float,,Feature 3611 of the GROVER embedding
feat_3612,float,,Feature 3612 of the GROVER embedding
feat_3613,float,,Feature 3613 of the GROVER embedding
feat_3614,float,,Feature 3614 of the GROVER embedding
feat_3615,float,,Feature 3615 of the GROVER embedding
feat_3616,float,,Feature 3616 of the GROVER embedding
feat_3617,float,,Feature 3617 of the GROVER embedding
feat_3618,float,,Feature 3618 of the GROVER embedding
feat_3619,float,,Feature 3619 of the GROVER embedding
feat_3620,float,,Feature 3620 of the GROVER embedding
feat_3621,float,,Feature 3621 of the GROVER embedding
feat_3622,float,,Feature 3622 of the GROVER embedding
feat_3623,float,,Feature 3623 of the GROVER embedding
feat_3624,float,,Feature 3624 of the GROVER embedding
feat_3625,float,,Feature 3625 of the GROVER embedding
feat_3626,float,,Feature 3626 of the GROVER embedding
feat_3627,float,,Feature 3627 of the GROVER embedding
feat_3628,float,,Feature 3628 of the GROVER embedding
feat_3629,float,,Feature 3629 of the GROVER embedding
feat_3630,float,,Feature 3630 of the GROVER embedding
feat_3631,float,,Feature 3631 of the GROVER embedding
feat_3632,float,,Feature 3632 of the GROVER embedding
feat_3633,float,,Feature 3633 of the GROVER embedding
feat_3634,float,,Feature 3634 of the GROVER embedding
feat_3635,float,,Feature 3635 of the GROVER embedding
feat_3636,float,,Feature 3636 of the GROVER embedding
feat_3637,float,,Feature 3637 of the GROVER embedding
feat_3638,float,,Feature 3638 of the GROVER embedding
feat_3639,float,,Feature 3639 of the GROVER embedding
feat_3640,float,,Feature 3640 of the GROVER embedding
feat_3641,float,,Feature 3641 of the GROVER embedding
feat_3642,float,,Feature 3642 of the GROVER embedding
feat_3643,float,,Feature 3643 of the GROVER embedding
feat_3644,float,,Feature 3644 of the GROVER embedding
feat_3645,float,,Feature 3645 of the GROVER embedding
feat_3646,float,,Feature 3646 of the GROVER embedding
feat_3647,float,,Feature 3647 of the GROVER embedding
feat_3648,float,,Feature 3648 of the GROVER embedding
feat_3649,float,,Feature 3649 of the GROVER embedding
feat_3650,float,,Feature 3650 of the GROVER embedding
feat_3651,float,,Feature 3651 of the GROVER embedding
feat_3652,float,,Feature 3652 of the GROVER embedding
feat_3653,float,,Feature 3653 of the GROVER embedding
feat_3654,float,,Feature 3654 of the GROVER embedding
feat_3655,float,,Feature 3655 of the GROVER embedding
feat_3656,float,,Feature 3656 of the GROVER embedding
feat_3657,float,,Feature 3657 of the GROVER embedding
feat_3658,float,,Feature 3658 of the GROVER embedding
feat_3659,float,,Feature 3659 of the GROVER embedding
feat_3660,float,,Feature 3660 of the GROVER embedding
feat_3661,float,,Feature 3661 of the GROVER embedding
feat_3662,float,,Feature 3662 of the GROVER embedding
feat_3663,float,,Feature 3663 of the GROVER embedding
feat_3664,float,,Feature 3664 of the GROVER embedding
feat_3665,float,,Feature 3665 of the GROVER embedding
feat_3666,float,,Feature 3666 of the GROVER embedding
feat_3667,float,,Feature 3667 of the GROVER embedding
feat_3668,float,,Feature 3668 of the GROVER embedding
feat_3669,float,,Feature 3669 of the GROVER embedding
feat_3670,float,,Feature 3670 of the GROVER embedding
feat_3671,float,,Feature 3671 of the GROVER embedding
feat_3672,float,,Feature 3672 of the GROVER embedding
feat_3673,float,,Feature 3673 of the GROVER embedding
feat_3674,float,,Feature 3674 of the GROVER embedding
feat_3675,float,,Feature 3675 of the GROVER embedding
feat_3676,float,,Feature 3676 of the GROVER embedding
feat_3677,float,,Feature 3677 of the GROVER embedding
feat_3678,float,,Feature 3678 of the GROVER embedding
feat_3679,float,,Feature 3679 of the GROVER embedding
feat_3680,float,,Feature 3680 of the GROVER embedding
feat_3681,float,,Feature 3681 of the GROVER embedding
feat_3682,float,,Feature 3682 of the GROVER embedding
feat_3683,float,,Feature 3683 of the GROVER embedding
feat_3684,float,,Feature 3684 of the GROVER embedding
feat_3685,float,,Feature 3685 of the GROVER embedding
feat_3686,float,,Feature 3686 of the GROVER embedding
feat_3687,float,,Feature 3687 of the GROVER embedding
feat_3688,float,,Feature 3688 of the GROVER embedding
feat_3689,float,,Feature 3689 of the GROVER embedding
feat_3690,float,,Feature 3690 of the GROVER embedding
feat_3691,float,,Feature 3691 of the GROVER embedding
feat_3692,float,,Feature 3692 of the GROVER embedding
feat_3693,float,,Feature 3693 of the GROVER embedding
feat_3694,float,,Feature 3694 of the GROVER embedding
feat_3695,float,,Feature 3695 of the GROVER embedding
feat_3696,float,,Feature 3696 of the GROVER embedding
feat_3697,float,,Feature 3697 of the GROVER embedding
feat_3698,float,,Feature 3698 of the GROVER embedding
feat_3699,float,,Feature 3699 of the GROVER embedding
feat_3700,float,,Feature 3700 of the GROVER embedding
feat_3701,float,,Feature 3701 of the GROVER embedding
feat_3702,float,,Feature 3702 of the GROVER embedding
feat_3703,float,,Feature 3703 of the GROVER embedding
feat_3704,float,,Feature 3704 of the GROVER embedding
feat_3705,float,,Feature 3705 of the GROVER embedding
feat_3706,float,,Feature 3706 of the GROVER embedding
feat_3707,float,,Feature 3707 of the GROVER embedding
feat_3708,float,,Feature 3708 of the GROVER embedding
feat_3709,float,,Feature 3709 of the GROVER embedding
feat_3710,float,,Feature 3710 of the GROVER embedding
feat_3711,float,,Feature 3711 of the GROVER embedding
feat_3712,float,,Feature 3712 of the GROVER embedding
feat_3713,float,,Feature 3713 of the GROVER embedding
feat_3714,float,,Feature 3714 of the GROVER embedding
feat_3715,float,,Feature 3715 of the GROVER embedding
feat_3716,float,,Feature 3716 of the GROVER embedding
feat_3717,float,,Feature 3717 of the GROVER embedding
feat_3718,float,,Feature 3718 of the GROVER embedding
feat_3719,float,,Feature 3719 of the GROVER embedding
feat_3720,float,,Feature 3720 of the GROVER embedding
feat_3721,float,,Feature 3721 of the GROVER embedding
feat_3722,float,,Feature 3722 of the GROVER embedding
feat_3723,float,,Feature 3723 of the GROVER embedding
feat_3724,float,,Feature 3724 of the GROVER embedding
feat_3725,float,,Feature 3725 of the GROVER embedding
feat_3726,float,,Feature 3726 of the GROVER embedding
feat_3727,float,,Feature 3727 of the GROVER embedding
feat_3728,float,,Feature 3728 of the GROVER embedding
feat_3729,float,,Feature 3729 of the GROVER embedding
feat_3730,float,,Feature 3730 of the GROVER embedding
feat_3731,float,,Feature 3731 of the GROVER embedding
feat_3732,float,,Feature 3732 of the GROVER embedding
feat_3733,float,,Feature 3733 of the GROVER embedding
feat_3734,float,,Feature 3734 of the GROVER embedding
feat_3735,float,,Feature 3735 of the GROVER embedding
feat_3736,float,,Feature 3736 of the GROVER embedding
feat_3737,float,,Feature 3737 of the GROVER embedding
feat_3738,float,,Feature 3738 of the GROVER embedding
feat_3739,float,,Feature 3739 of the GROVER embedding
feat_3740,float,,Feature 3740 of the GROVER embedding
feat_3741,float,,Feature 3741 of the GROVER embedding
feat_3742,float,,Feature 3742 of the GROVER embedding
feat_3743,float,,Feature 3743 of the GROVER embedding
feat_3744,float,,Feature 3744 of the GROVER embedding
feat_3745,float,,Feature 3745 of the GROVER embedding
feat_3746,float,,Feature 3746 of the GROVER embedding
feat_3747,float,,Feature 3747 of the GROVER embedding
feat_3748,float,,Feature 3748 of the GROVER embedding
feat_3749,float,,Feature 3749 of the GROVER embedding
feat_3750,float,,Feature 3750 of the GROVER embedding
feat_3751,float,,Feature 3751 of the GROVER embedding
feat_3752,float,,Feature 3752 of the GROVER embedding
feat_3753,float,,Feature 3753 of the GROVER embedding
feat_3754,float,,Feature 3754 of the GROVER embedding
feat_3755,float,,Feature 3755 of the GROVER embedding
feat_3756,float,,Feature 3756 of the GROVER embedding
feat_3757,float,,Feature 3757 of the GROVER embedding
feat_3758,float,,Feature 3758 of the GROVER embedding
feat_3759,float,,Feature 3759 of the GROVER embedding
feat_3760,float,,Feature 3760 of the GROVER embedding
feat_3761,float,,Feature 3761 of the GROVER embedding
feat_3762,float,,Feature 3762 of the GROVER embedding
feat_3763,float,,Feature 3763 of the GROVER embedding
feat_3764,float,,Feature 3764 of the GROVER embedding
feat_3765,float,,Feature 3765 of the GROVER embedding
feat_3766,float,,Feature 3766 of the GROVER embedding
feat_3767,float,,Feature 3767 of the GROVER embedding
feat_3768,float,,Feature 3768 of the GROVER embedding
feat_3769,float,,Feature 3769 of the GROVER embedding
feat_3770,float,,Feature 3770 of the GROVER embedding
feat_3771,float,,Feature 3771 of the GROVER embedding
feat_3772,float,,Feature 3772 of the GROVER embedding
feat_3773,float,,Feature 3773 of the GROVER embedding
feat_3774,float,,Feature 3774 of the GROVER embedding
feat_3775,float,,Feature 3775 of the GROVER embedding
feat_3776,float,,Feature 3776 of the GROVER embedding
feat_3777,float,,Feature 3777 of the GROVER embedding
feat_3778,float,,Feature 3778 of the GROVER embedding
feat_3779,float,,Feature 3779 of the GROVER embedding
feat_3780,float,,Feature 3780 of the GROVER embedding
feat_3781,float,,Feature 3781 of the GROVER embedding
feat_3782,float,,Feature 3782 of the GROVER embedding
feat_3783,float,,Feature 3783 of the GROVER embedding
feat_3784,float,,Feature 3784 of the GROVER embedding
feat_3785,float,,Feature 3785 of the GROVER embedding
feat_3786,float,,Feature 3786 of the GROVER embedding
feat_3787,float,,Feature 3787 of the GROVER embedding
feat_3788,float,,Feature 3788 of the GROVER embedding
feat_3789,float,,Feature 3789 of the GROVER embedding
feat_3790,float,,Feature 3790 of the GROVER embedding
feat_3791,float,,Feature 3791 of the GROVER embedding
feat_3792,float,,Feature 3792 of the GROVER embedding
feat_3793,float,,Feature 3793 of the GROVER embedding
feat_3794,float,,Feature 3794 of the GROVER embedding
feat_3795,float,,Feature 3795 of the GROVER embedding
feat_3796,float,,Feature 3796 of the GROVER embedding
feat_3797,float,,Feature 3797 of the GROVER embedding
feat_3798,float,,Feature 3798 of the GROVER embedding
feat_3799,float,,Feature 3799 of the GROVER embedding
feat_3800,float,,Feature 3800 of the GROVER embedding
feat_3801,float,,Feature 3801 of the GROVER embedding
feat_3802,float,,Feature 3802 of the GROVER embedding
feat_3803,float,,Feature 3803 of the GROVER embedding
feat_3804,float,,Feature 3804 of the GROVER embedding
feat_3805,float,,Feature 3805 of the GROVER embedding
feat_3806,float,,Feature 3806 of the GROVER embedding
feat_3807,float,,Feature 3807 of the GROVER embedding
feat_3808,float,,Feature 3808 of the GROVER embedding
feat_3809,float,,Feature 3809 of the GROVER embedding
feat_3810,float,,Feature 3810 of the GROVER embedding
feat_3811,float,,Feature 3811 of the GROVER embedding
feat_3812,float,,Feature 3812 of the GROVER embedding
feat_3813,float,,Feature 3813 of the GROVER embedding
feat_3814,float,,Feature 3814 of the GROVER embedding
feat_3815,float,,Feature 3815 of the GROVER embedding
feat_3816,float,,Feature 3816 of the GROVER embedding
feat_3817,float,,Feature 3817 of the GROVER embedding
feat_3818,float,,Feature 3818 of the GROVER embedding
feat_3819,float,,Feature 3819 of the GROVER embedding
feat_3820,float,,Feature 3820 of the GROVER embedding
feat_3821,float,,Feature 3821 of the GROVER embedding
feat_3822,float,,Feature 3822 of the GROVER embedding
feat_3823,float,,Feature 3823 of the GROVER embedding
feat_3824,float,,Feature 3824 of the GROVER embedding
feat_3825,float,,Feature 3825 of the GROVER embedding
feat_3826,float,,Feature 3826 of the GROVER embedding
feat_3827,float,,Feature 3827 of the GROVER embedding
feat_3828,float,,Feature 3828 of the GROVER embedding
feat_3829,float,,Feature 3829 of the GROVER embedding
feat_3830,float,,Feature 3830 of the GROVER embedding
feat_3831,float,,Feature 3831 of the GROVER embedding
feat_3832,float,,Feature 3832 of the GROVER embedding
feat_3833,float,,Feature 3833 of the GROVER embedding
feat_3834,float,,Feature 3834 of the GROVER embedding
feat_3835,float,,Feature 3835 of the GROVER embedding
feat_3836,float,,Feature 3836 of the GROVER embedding
feat_3837,float,,Feature 3837 of the GROVER embedding
feat_3838,float,,Feature 3838 of the GROVER embedding
feat_3839,float,,Feature 3839 of the GROVER embedding
feat_3840,float,,Feature 3840 of the GROVER embedding
feat_3841,float,,Feature 3841 of the GROVER embedding
feat_3842,float,,Feature 3842 of the GROVER embedding
feat_3843,float,,Feature 3843 of the GROVER embedding
feat_3844,float,,Feature 3844 of the GROVER embedding
feat_3845,float,,Feature 3845 of the GROVER embedding
feat_3846,float,,Feature 3846 of the GROVER embedding
feat_3847,float,,Feature 3847 of the GROVER embedding
feat_3848,float,,Feature 3848 of the GROVER embedding
feat_3849,float,,Feature 3849 of the GROVER embedding
feat_3850,float,,Feature 3850 of the GROVER embedding
feat_3851,float,,Feature 3851 of the GROVER embedding
feat_3852,float,,Feature 3852 of the GROVER embedding
feat_3853,float,,Feature 3853 of the GROVER embedding
feat_3854,float,,Feature 3854 of the GROVER embedding
feat_3855,float,,Feature 3855 of the GROVER embedding
feat_3856,float,,Feature 3856 of the GROVER embedding
feat_3857,float,,Feature 3857 of the GROVER embedding
feat_3858,float,,Feature 3858 of the GROVER embedding
feat_3859,float,,Feature 3859 of the GROVER embedding
feat_3860,float,,Feature 3860 of the GROVER embedding
feat_3861,float,,Feature 3861 of the GROVER embedding
feat_3862,float,,Feature 3862 of the GROVER embedding
feat_3863,float,,Feature 3863 of the GROVER embedding
feat_3864,float,,Feature 3864 of the GROVER embedding
feat_3865,float,,Feature 3865 of the GROVER embedding
feat_3866,float,,Feature 3866 of the GROVER embedding
feat_3867,float,,Feature 3867 of the GROVER embedding
feat_3868,float,,Feature 3868 of the GROVER embedding
feat_3869,float,,Feature 3869 of the GROVER embedding
feat_3870,float,,Feature 3870 of the GROVER embedding
feat_3871,float,,Feature 3871 of the GROVER embedding
feat_3872,float,,Feature 3872 of the GROVER embedding
feat_3873,float,,Feature 3873 of the GROVER embedding
feat_3874,float,,Feature 3874 of the GROVER embedding
feat_3875,float,,Feature 3875 of the GROVER embedding
feat_3876,float,,Feature 3876 of the GROVER embedding
feat_3877,float,,Feature 3877 of the GROVER embedding
feat_3878,float,,Feature 3878 of the GROVER embedding
feat_3879,float,,Feature 3879 of the GROVER embedding
feat_3880,float,,Feature 3880 of the GROVER embedding
feat_3881,float,,Feature 3881 of the GROVER embedding
feat_3882,float,,Feature 3882 of the GROVER embedding
feat_3883,float,,Feature 3883 of the GROVER embedding
feat_3884,float,,Feature 3884 of the GROVER embedding
feat_3885,float,,Feature 3885 of the GROVER embedding
feat_3886,float,,Feature 3886 of the GROVER embedding
feat_3887,float,,Feature 3887 of the GROVER embedding
feat_3888,float,,Feature 3888 of the GROVER embedding
feat_3889,float,,Feature 3889 of the GROVER embedding
feat_3890,float,,Feature 3890 of the GROVER embedding
feat_3891,float,,Feature 3891 of the GROVER embedding
feat_3892,float,,Feature 3892 of the GROVER embedding
feat_3893,float,,Feature 3893 of the GROVER embedding
feat_3894,float,,Feature 3894 of the GROVER embedding
feat_3895,float,,Feature 3895 of the GROVER embedding
feat_3896,float,,Feature 3896 of the GROVER embedding
feat_3897,float,,Feature 3897 of the GROVER embedding
feat_3898,float,,Feature 3898 of the GROVER embedding
feat_3899,float,,Feature 3899 of the GROVER embedding
feat_3900,float,,Feature 3900 of the GROVER embedding
feat_3901,float,,Feature 3901 of the GROVER embedding
feat_3902,float,,Feature 3902 of the GROVER embedding
feat_3903,float,,Feature 3903 of the GROVER embedding
feat_3904,float,,Feature 3904 of the GROVER embedding
feat_3905,float,,Feature 3905 of the GROVER embedding
feat_3906,float,,Feature 3906 of the GROVER embedding
feat_3907,float,,Feature 3907 of the GROVER embedding
feat_3908,float,,Feature 3908 of the GROVER embedding
feat_3909,float,,Feature 3909 of the GROVER embedding
feat_3910,float,,Feature 3910 of the GROVER embedding
feat_3911,float,,Feature 3911 of the GROVER embedding
feat_3912,float,,Feature 3912 of the GROVER embedding
feat_3913,float,,Feature 3913 of the GROVER embedding
feat_3914,float,,Feature 3914 of the GROVER embedding
feat_3915,float,,Feature 3915 of the GROVER embedding
feat_3916,float,,Feature 3916 of the GROVER embedding
feat_3917,float,,Feature 3917 of the GROVER embedding
feat_3918,float,,Feature 3918 of the GROVER embedding
feat_3919,float,,Feature 3919 of the GROVER embedding
feat_3920,float,,Feature 3920 of the GROVER embedding
feat_3921,float,,Feature 3921 of the GROVER embedding
feat_3922,float,,Feature 3922 of the GROVER embedding
feat_3923,float,,Feature 3923 of the GROVER embedding
feat_3924,float,,Feature 3924 of the GROVER embedding
feat_3925,float,,Feature 3925 of the GROVER embedding
feat_3926,float,,Feature 3926 of the GROVER embedding
feat_3927,float,,Feature 3927 of the GROVER embedding
feat_3928,float,,Feature 3928 of the GROVER embedding
feat_3929,float,,Feature 3929 of the GROVER embedding
feat_3930,float,,Feature 3930 of the GROVER embedding
feat_3931,float,,Feature 3931 of the GROVER embedding
feat_3932,float,,Feature 3932 of the GROVER embedding
feat_3933,float,,Feature 3933 of the GROVER embedding
feat_3934,float,,Feature 3934 of the GROVER embedding
feat_3935,float,,Feature 3935 of the GROVER embedding
feat_3936,float,,Feature 3936 of the GROVER embedding
feat_3937,float,,Feature 3937 of the GROVER embedding
feat_3938,float,,Feature 3938 of the GROVER embedding
feat_3939,float,,Feature 3939 of the GROVER embedding
feat_3940,float,,Feature 3940 of the GROVER embedding
feat_3941,float,,Feature 3941 of the GROVER embedding
feat_3942,float,,Feature 3942 of the GROVER embedding
feat_3943,float,,Feature 3943 of the GROVER embedding
feat_3944,float,,Feature 3944 of the GROVER embedding
feat_3945,float,,Feature 3945 of the GROVER embedding
feat_3946,float,,Feature 3946 of the GROVER embedding
feat_3947,float,,Feature 3947 of the GROVER embedding
feat_3948,float,,Feature 3948 of the GROVER embedding
feat_3949,float,,Feature 3949 of the GROVER embedding
feat_3950,float,,Feature 3950 of the GROVER embedding
feat_3951,float,,Feature 3951 of the GROVER embedding
feat_3952,float,,Feature 3952 of the GROVER embedding
feat_3953,float,,Feature 3953 of the GROVER embedding
feat_3954,float,,Feature 3954 of the GROVER embedding
feat_3955,float,,Feature 3955 of the GROVER embedding
feat_3956,float,,Feature 3956 of the GROVER embedding
feat_3957,float,,Feature 3957 of the GROVER embedding
feat_3958,float,,Feature 3958 of the GROVER embedding
feat_3959,float,,Feature 3959 of the GROVER embedding
feat_3960,float,,Feature 3960 of the GROVER embedding
feat_3961,float,,Feature 3961 of the GROVER embedding
feat_3962,float,,Feature 3962 of the GROVER embedding
feat_3963,float,,Feature 3963 of the GROVER embedding
feat_3964,float,,Feature 3964 of the GROVER embedding
feat_3965,float,,Feature 3965 of the GROVER embedding
feat_3966,float,,Feature 3966 of the GROVER embedding
feat_3967,float,,Feature 3967 of the GROVER embedding
feat_3968,float,,Feature 3968 of the GROVER embedding
feat_3969,float,,Feature 3969 of the GROVER embedding
feat_3970,float,,Feature 3970 of the GROVER embedding
feat_3971,float,,Feature 3971 of the GROVER embedding
feat_3972,float,,Feature 3972 of the GROVER embedding
feat_3973,float,,Feature 3973 of the GROVER embedding
feat_3974,float,,Feature 3974 of the GROVER embedding
feat_3975,float,,Feature 3975 of the GROVER embedding
feat_3976,float,,Feature 3976 of the GROVER embedding
feat_3977,float,,Feature 3977 of the GROVER embedding
feat_3978,float,,Feature 3978 of the GROVER embedding
feat_3979,float,,Feature 3979 of the GROVER embedding
feat_3980,float,,Feature 3980 of the GROVER embedding
feat_3981,float,,Feature 3981 of the GROVER embedding
feat_3982,float,,Feature 3982 of the GROVER embedding
feat_3983,float,,Feature 3983 of the GROVER embedding
feat_3984,float,,Feature 3984 of the GROVER embedding
feat_3985,float,,Feature 3985 of the GROVER embedding
feat_3986,float,,Feature 3986 of the GROVER embedding
feat_3987,float,,Feature 3987 of the GROVER embedding
feat_3988,float,,Feature 3988 of the GROVER embedding
feat_3989,float,,Feature 3989 of the GROVER embedding
feat_3990,float,,Feature 3990 of the GROVER embedding
feat_3991,float,,Feature 3991 of the GROVER embedding
feat_3992,float,,Feature 3992 of the GROVER embedding
feat_3993,float,,Feature 3993 of the GROVER embedding
feat_3994,float,,Feature 3994 of the GROVER embedding
feat_3995,float,,Feature 3995 of the GROVER embedding
feat_3996,float,,Feature 3996 of the GROVER embedding
feat_3997,float,,Feature 3997 of the GROVER embedding
feat_3998,float,,Feature 3998 of the GROVER embedding
feat_3999,float,,Feature 3999 of the GROVER embedding
feat_4000,float,,Feature 4000 of the GROVER embedding
feat_4001,float,,Feature 4001 of the GROVER embedding
feat_4002,float,,Feature 4002 of the GROVER embedding
feat_4003,float,,Feature 4003 of the GROVER embedding
feat_4004,float,,Feature 4004 of the GROVER embedding
feat_4005,float,,Feature 4005 of the GROVER embedding
feat_4006,float,,Feature 4006 of the GROVER embedding
feat_4007,float,,Feature 4007 of the GROVER embedding
feat_4008,float,,Feature 4008 of the GROVER embedding
feat_4009,float,,Feature 4009 of the GROVER embedding
feat_4010,float,,Feature 4010 of the GROVER embedding
feat_4011,float,,Feature 4011 of the GROVER embedding
feat_4012,float,,Feature 4012 of the GROVER embedding
feat_4013,float,,Feature 4013 of the GROVER embedding
feat_4014,float,,Feature 4014 of the GROVER embedding
feat_4015,float,,Feature 4015 of the GROVER embedding
feat_4016,float,,Feature 4016 of the GROVER embedding
feat_4017,float,,Feature 4017 of the GROVER embedding
feat_4018,float,,Feature 4018 of the GROVER embedding
feat_4019,float,,Feature 4019 of the GROVER embedding
feat_4020,float,,Feature 4020 of the GROVER embedding
feat_4021,float,,Feature 4021 of the GROVER embedding
feat_4022,float,,Feature 4022 of the GROVER embedding
feat_4023,float,,Feature 4023 of the GROVER embedding
feat_4024,float,,Feature 4024 of the GROVER embedding
feat_4025,float,,Feature 4025 of the GROVER embedding
feat_4026,float,,Feature 4026 of the GROVER embedding
feat_4027,float,,Feature 4027 of the GROVER embedding
feat_4028,float,,Feature 4028 of the GROVER embedding
feat_4029,float,,Feature 4029 of the GROVER embedding
feat_4030,float,,Feature 4030 of the GROVER embedding
feat_4031,float,,Feature 4031 of the GROVER embedding
feat_4032,float,,Feature 4032 of the GROVER embedding
feat_4033,float,,Feature 4033 of the GROVER embedding
feat_4034,float,,Feature 4034 of the GROVER embedding
feat_4035,float,,Feature 4035 of the GROVER embedding
feat_4036,float,,Feature 4036 of the GROVER embedding
feat_4037,float,,Feature 4037 of the GROVER embedding
feat_4038,float,,Feature 4038 of the GROVER embedding
feat_4039,float,,Feature 4039 of the GROVER embedding
feat_4040,float,,Feature 4040 of the GROVER embedding
feat_4041,float,,Feature 4041 of the GROVER embedding
feat_4042,float,,Feature 4042 of the GROVER embedding
feat_4043,float,,Feature 4043 of the GROVER embedding
feat_4044,float,,Feature 4044 of the GROVER embedding
feat_4045,float,,Feature 4045 of the GROVER embedding
feat_4046,float,,Feature 4046 of the GROVER embedding
feat_4047,float,,Feature 4047 of the GROVER embedding
feat_4048,float,,Feature 4048 of the GROVER embedding
feat_4049,float,,Feature 4049 of the GROVER embedding
feat_4050,float,,Feature 4050 of the GROVER embedding
feat_4051,float,,Feature 4051 of the GROVER embedding
feat_4052,float,,Feature 4052 of the GROVER embedding
feat_4053,float,,Feature 4053 of the GROVER embedding
feat_4054,float,,Feature 4054 of the GROVER embedding
feat_4055,float,,Feature 4055 of the GROVER embedding
feat_4056,float,,Feature 4056 of the GROVER embedding
feat_4057,float,,Feature 4057 of the GROVER embedding
feat_4058,float,,Feature 4058 of the GROVER embedding
feat_4059,float,,Feature 4059 of the GROVER embedding
feat_4060,float,,Feature 4060 of the GROVER embedding
feat_4061,float,,Feature 4061 of the GROVER embedding
feat_4062,float,,Feature 4062 of the GROVER embedding
feat_4063,float,,Feature 4063 of the GROVER embedding
feat_4064,float,,Feature 4064 of the GROVER embedding
feat_4065,float,,Feature 4065 of the GROVER embedding
feat_4066,float,,Feature 4066 of the GROVER embedding
feat_4067,float,,Feature 4067 of the GROVER embedding
feat_4068,float,,Feature 4068 of the GROVER embedding
feat_4069,float,,Feature 4069 of the GROVER embedding
feat_4070,float,,Feature 4070 of the GROVER embedding
feat_4071,float,,Feature 4071 of the GROVER embedding
feat_4072,float,,Feature 4072 of the GROVER embedding
feat_4073,float,,Feature 4073 of the GROVER embedding
feat_4074,float,,Feature 4074 of the GROVER embedding
feat_4075,float,,Feature 4075 of the GROVER embedding
feat_4076,float,,Feature 4076 of the GROVER embedding
feat_4077,float,,Feature 4077 of the GROVER embedding
feat_4078,float,,Feature 4078 of the GROVER embedding
feat_4079,float,,Feature 4079 of the GROVER embedding
feat_4080,float,,Feature 4080 of the GROVER embedding
feat_4081,float,,Feature 4081 of the GROVER embedding
feat_4082,float,,Feature 4082 of the GROVER embedding
feat_4083,float,,Feature 4083 of the GROVER embedding
feat_4084,float,,Feature 4084 of the GROVER embedding
feat_4085,float,,Feature 4085 of the GROVER embedding
feat_4086,float,,Feature 4086 of the GROVER embedding
feat_4087,float,,Feature 4087 of the GROVER embedding
feat_4088,float,,Feature 4088 of the GROVER embedding
feat_4089,float,,Feature 4089 of the GROVER embedding
feat_4090,float,,Feature 4090 of the GROVER embedding
feat_4091,float,,Feature 4091 of the GROVER embedding
feat_4092,float,,Feature 4092 of the GROVER embedding
feat_4093,float,,Feature 4093 of the GROVER embedding
feat_4094,float,,Feature 4094 of the GROVER embedding
feat_4095,float,,Feature 4095 of the GROVER embedding
feat_4096,float,,Feature 4096 of the GROVER embedding
feat_4097,float,,Feature 4097 of the GROVER embedding
feat_4098,float,,Feature 4098 of the GROVER embedding
feat_4099,float,,Feature 4099 of the GROVER embedding
feat_4100,float,,Feature 4100 of the GROVER embedding
feat_4101,float,,Feature 4101 of the GROVER embedding
feat_4102,float,,Feature 4102 of the GROVER embedding
feat_4103,float,,Feature 4103 of the GROVER embedding
feat_4104,float,,Feature 4104 of the GROVER embedding
feat_4105,float,,Feature 4105 of the GROVER embedding
feat_4106,float,,Feature 4106 of the GROVER embedding
feat_4107,float,,Feature 4107 of the GROVER embedding
feat_4108,float,,Feature 4108 of the GROVER embedding
feat_4109,float,,Feature 4109 of the GROVER embedding
feat_4110,float,,Feature 4110 of the GROVER embedding
feat_4111,float,,Feature 4111 of the GROVER embedding
feat_4112,float,,Feature 4112 of the GROVER embedding
feat_4113,float,,Feature 4113 of the GROVER embedding
feat_4114,float,,Feature 4114 of the GROVER embedding
feat_4115,float,,Feature 4115 of the GROVER embedding
feat_4116,float,,Feature 4116 of the GROVER embedding
feat_4117,float,,Feature 4117 of the GROVER embedding
feat_4118,float,,Feature 4118 of the GROVER embedding
feat_4119,float,,Feature 4119 of the GROVER embedding
feat_4120,float,,Feature 4120 of the GROVER embedding
feat_4121,float,,Feature 4121 of the GROVER embedding
feat_4122,float,,Feature 4122 of the GROVER embedding
feat_4123,float,,Feature 4123 of the GROVER embedding
feat_4124,float,,Feature 4124 of the GROVER embedding
feat_4125,float,,Feature 4125 of the GROVER embedding
feat_4126,float,,Feature 4126 of the GROVER embedding
feat_4127,float,,Feature 4127 of the GROVER embedding
feat_4128,float,,Feature 4128 of the GROVER embedding
feat_4129,float,,Feature 4129 of the GROVER embedding
feat_4130,float,,Feature 4130 of the GROVER embedding
feat_4131,float,,Feature 4131 of the GROVER embedding
feat_4132,float,,Feature 4132 of the GROVER embedding
feat_4133,float,,Feature 4133 of the GROVER embedding
feat_4134,float,,Feature 4134 of the GROVER embedding
feat_4135,float,,Feature 4135 of the GROVER embedding
feat_4136,float,,Feature 4136 of the GROVER embedding
feat_4137,float,,Feature 4137 of the GROVER embedding
feat_4138,float,,Feature 4138 of the GROVER embedding
feat_4139,float,,Feature 4139 of the GROVER embedding
feat_4140,float,,Feature 4140 of the GROVER embedding
feat_4141,float,,Feature 4141 of the GROVER embedding
feat_4142,float,,Feature 4142 of the GROVER embedding
feat_4143,float,,Feature 4143 of the GROVER embedding
feat_4144,float,,Feature 4144 of the GROVER embedding
feat_4145,float,,Feature 4145 of the GROVER embedding
feat_4146,float,,Feature 4146 of the GROVER embedding
feat_4147,float,,Feature 4147 of the GROVER embedding
feat_4148,float,,Feature 4148 of the GROVER embedding
feat_4149,float,,Feature 4149 of the GROVER embedding
feat_4150,float,,Feature 4150 of the GROVER embedding
feat_4151,float,,Feature 4151 of the GROVER embedding
feat_4152,float,,Feature 4152 of the GROVER embedding
feat_4153,float,,Feature 4153 of the GROVER embedding
feat_4154,float,,Feature 4154 of the GROVER embedding
feat_4155,float,,Feature 4155 of the GROVER embedding
feat_4156,float,,Feature 4156 of the GROVER embedding
feat_4157,float,,Feature 4157 of the GROVER embedding
feat_4158,float,,Feature 4158 of the GROVER embedding
feat_4159,float,,Feature 4159 of the GROVER embedding
feat_4160,float,,Feature 4160 of the GROVER embedding
feat_4161,float,,Feature 4161 of the GROVER embedding
feat_4162,float,,Feature 4162 of the GROVER embedding
feat_4163,float,,Feature 4163 of the GROVER embedding
feat_4164,float,,Feature 4164 of the GROVER embedding
feat_4165,float,,Feature 4165 of the GROVER embedding
feat_4166,float,,Feature 4166 of the GROVER embedding
feat_4167,float,,Feature 4167 of the GROVER embedding
feat_4168,float,,Feature 4168 of the GROVER embedding
feat_4169,float,,Feature 4169 of the GROVER embedding
feat_4170,float,,Feature 4170 of the GROVER embedding
feat_4171,float,,Feature 4171 of the GROVER embedding
feat_4172,float,,Feature 4172 of the GROVER embedding
feat_4173,float,,Feature 4173 of the GROVER embedding
feat_4174,float,,Feature 4174 of the GROVER embedding
feat_4175,float,,Feature 4175 of the GROVER embedding
feat_4176,float,,Feature 4176 of the GROVER embedding
feat_4177,float,,Feature 4177 of the GROVER embedding
feat_4178,float,,Feature 4178 of the GROVER embedding
feat_4179,float,,Feature 4179 of the GROVER embedding
feat_4180,float,,Feature 4180 of the GROVER embedding
feat_4181,float,,Feature 4181 of the GROVER embedding
feat_4182,float,,Feature 4182 of the GROVER embedding
feat_4183,float,,Feature 4183 of the GROVER embedding
feat_4184,float,,Feature 4184 of the GROVER embedding
feat_4185,float,,Feature 4185 of the GROVER embedding
feat_4186,float,,Feature 4186 of the GROVER embedding
feat_4187,float,,Feature 4187 of the GROVER embedding
feat_4188,float,,Feature 4188 of the GROVER embedding
feat_4189,float,,Feature 4189 of the GROVER embedding
feat_4190,float,,Feature 4190 of the GROVER embedding
feat_4191,float,,Feature 4191 of the GROVER embedding
feat_4192,float,,Feature 4192 of the GROVER embedding
feat_4193,float,,Feature 4193 of the GROVER embedding
feat_4194,float,,Feature 4194 of the GROVER embedding
feat_4195,float,,Feature 4195 of the GROVER embedding
feat_4196,float,,Feature 4196 of the GROVER embedding
feat_4197,float,,Feature 4197 of the GROVER embedding
feat_4198,float,,Feature 4198 of the GROVER embedding
feat_4199,float,,Feature 4199 of the GROVER embedding
feat_4200,float,,Feature 4200 of the GROVER embedding
feat_4201,float,,Feature 4201 of the GROVER embedding
feat_4202,float,,Feature 4202 of the GROVER embedding
feat_4203,float,,Feature 4203 of the GROVER embedding
feat_4204,float,,Feature 4204 of the GROVER embedding
feat_4205,float,,Feature 4205 of the GROVER embedding
feat_4206,float,,Feature 4206 of the GROVER embedding
feat_4207,float,,Feature 4207 of the GROVER embedding
feat_4208,float,,Feature 4208 of the GROVER embedding
feat_4209,float,,Feature 4209 of the GROVER embedding
feat_4210,float,,Feature 4210 of the GROVER embedding
feat_4211,float,,Feature 4211 of the GROVER embedding
feat_4212,float,,Feature 4212 of the GROVER embedding
feat_4213,float,,Feature 4213 of the GROVER embedding
feat_4214,float,,Feature 4214 of the GROVER embedding
feat_4215,float,,Feature 4215 of the GROVER embedding
feat_4216,float,,Feature 4216 of the GROVER embedding
feat_4217,float,,Feature 4217 of the GROVER embedding
feat_4218,float,,Feature 4218 of the GROVER embedding
feat_4219,float,,Feature 4219 of the GROVER embedding
feat_4220,float,,Feature 4220 of the GROVER embedding
feat_4221,float,,Feature 4221 of the GROVER embedding
feat_4222,float,,Feature 4222 of the GROVER embedding
feat_4223,float,,Feature 4223 of the GROVER embedding
feat_4224,float,,Feature 4224 of the GROVER embedding
feat_4225,float,,Feature 4225 of the GROVER embedding
feat_4226,float,,Feature 4226 of the GROVER embedding
feat_4227,float,,Feature 4227 of the GROVER embedding
feat_4228,float,,Feature 4228 of the GROVER embedding
feat_4229,float,,Feature 4229 of the GROVER embedding
feat_4230,float,,Feature 4230 of the GROVER embedding
feat_4231,float,,Feature 4231 of the GROVER embedding
feat_4232,float,,Feature 4232 of the GROVER embedding
feat_4233,float,,Feature 4233 of the GROVER embedding
feat_4234,float,,Feature 4234 of the GROVER embedding
feat_4235,float,,Feature 4235 of the GROVER embedding
feat_4236,float,,Feature 4236 of the GROVER embedding
feat_4237,float,,Feature 4237 of the GROVER embedding
feat_4238,float,,Feature 4238 of the GROVER embedding
feat_4239,float,,Feature 4239 of the GROVER embedding
feat_4240,float,,Feature 4240 of the GROVER embedding
feat_4241,float,,Feature 4241 of the GROVER embedding
feat_4242,float,,Feature 4242 of the GROVER embedding
feat_4243,float,,Feature 4243 of the GROVER embedding
feat_4244,float,,Feature 4244 of the GROVER embedding
feat_4245,float,,Feature 4245 of the GROVER embedding
feat_4246,float,,Feature 4246 of the GROVER embedding
feat_4247,float,,Feature 4247 of the GROVER embedding
feat_4248,float,,Feature 4248 of the GROVER embedding
feat_4249,float,,Feature 4249 of the GROVER embedding
feat_4250,float,,Feature 4250 of the GROVER embedding
feat_4251,float,,Feature 4251 of the GROVER embedding
feat_4252,float,,Feature 4252 of the GROVER embedding
feat_4253,float,,Feature 4253 of the GROVER embedding
feat_4254,float,,Feature 4254 of the GROVER embedding
feat_4255,float,,Feature 4255 of the GROVER embedding
feat_4256,float,,Feature 4256 of the GROVER embedding
feat_4257,float,,Feature 4257 of the GROVER embedding
feat_4258,float,,Feature 4258 of the GROVER embedding
feat_4259,float,,Feature 4259 of the GROVER embedding
feat_4260,float,,Feature 4260 of the GROVER embedding
feat_4261,float,,Feature 4261 of the GROVER embedding
feat_4262,float,,Feature 4262 of the GROVER embedding
feat_4263,float,,Feature 4263 of the GROVER embedding
feat_4264,float,,Feature 4264 of the GROVER embedding
feat_4265,float,,Feature 4265 of the GROVER embedding
feat_4266,float,,Feature 4266 of the GROVER embedding
feat_4267,float,,Feature 4267 of the GROVER embedding
feat_4268,float,,Feature 4268 of the GROVER embedding
feat_4269,float,,Feature 4269 of the GROVER embedding
feat_4270,float,,Feature 4270 of the GROVER embedding
feat_4271,float,,Feature 4271 of the GROVER embedding
feat_4272,float,,Feature 4272 of the GROVER embedding
feat_4273,float,,Feature 4273 of the GROVER embedding
feat_4274,float,,Feature 4274 of the GROVER embedding
feat_4275,float,,Feature 4275 of the GROVER embedding
feat_4276,float,,Feature 4276 of the GROVER embedding
feat_4277,float,,Feature 4277 of the GROVER embedding
feat_4278,float,,Feature 4278 of the GROVER embedding
feat_4279,float,,Feature 4279 of the GROVER embedding
feat_4280,float,,Feature 4280 of the GROVER embedding
feat_4281,float,,Feature 4281 of the GROVER embedding
feat_4282,float,,Feature 4282 of the GROVER embedding
feat_4283,float,,Feature 4283 of the GROVER embedding
feat_4284,float,,Feature 4284 of the GROVER embedding
feat_4285,float,,Feature 4285 of the GROVER embedding
feat_4286,float,,Feature 4286 of the GROVER embedding
feat_4287,float,,Feature 4287 of the GROVER embedding
feat_4288,float,,Feature 4288 of the GROVER embedding
feat_4289,float,,Feature 4289 of the GROVER embedding
feat_4290,float,,Feature 4290 of the GROVER embedding
feat_4291,float,,Feature 4291 of the GROVER embedding
feat_4292,float,,Feature 4292 of the GROVER embedding
feat_4293,float,,Feature 4293 of the GROVER embedding
feat_4294,float,,Feature 4294 of the GROVER embedding
feat_4295,float,,Feature 4295 of the GROVER embedding
feat_4296,float,,Feature 4296 of the GROVER embedding
feat_4297,float,,Feature 4297 of the GROVER embedding
feat_4298,float,,Feature 4298 of the GROVER embedding
feat_4299,float,,Feature 4299 of the GROVER embedding
feat_4300,float,,Feature 4300 of the GROVER embedding
feat_4301,float,,Feature 4301 of the GROVER embedding
feat_4302,float,,Feature 4302 of the GROVER embedding
feat_4303,float,,Feature 4303 of the GROVER embedding
feat_4304,float,,Feature 4304 of the GROVER embedding
feat_4305,float,,Feature 4305 of the GROVER embedding
feat_4306,float,,Feature 4306 of the GROVER embedding
feat_4307,float,,Feature 4307 of the GROVER embedding
feat_4308,float,,Feature 4308 of the GROVER embedding
feat_4309,float,,Feature 4309 of the GROVER embedding
feat_4310,float,,Feature 4310 of the GROVER embedding
feat_4311,float,,Feature 4311 of the GROVER embedding
feat_4312,float,,Feature 4312 of the GROVER embedding
feat_4313,float,,Feature 4313 of the GROVER embedding
feat_4314,float,,Feature 4314 of the GROVER embedding
feat_4315,float,,Feature 4315 of the GROVER embedding
feat_4316,float,,Feature 4316 of the GROVER embedding
feat_4317,float,,Feature 4317 of the GROVER embedding
feat_4318,float,,Feature 4318 of the GROVER embedding
feat_4319,float,,Feature 4319 of the GROVER embedding
feat_4320,float,,Feature 4320 of the GROVER embedding
feat_4321,float,,Feature 4321 of the GROVER embedding
feat_4322,float,,Feature 4322 of the GROVER embedding
feat_4323,float,,Feature 4323 of the GROVER embedding
feat_4324,float,,Feature 4324 of the GROVER embedding
feat_4325,float,,Feature 4325 of the GROVER embedding
feat_4326,float,,Feature 4326 of the GROVER embedding
feat_4327,float,,Feature 4327 of the GROVER embedding
feat_4328,float,,Feature 4328 of the GROVER embedding
feat_4329,float,,Feature 4329 of the GROVER embedding
feat_4330,float,,Feature 4330 of the GROVER embedding
feat_4331,float,,Feature 4331 of the GROVER embedding
feat_4332,float,,Feature 4332 of the GROVER embedding
feat_4333,float,,Feature 4333 of the GROVER embedding
feat_4334,float,,Feature 4334 of the GROVER embedding
feat_4335,float,,Feature 4335 of the GROVER embedding
feat_4336,float,,Feature 4336 of the GROVER embedding
feat_4337,float,,Feature 4337 of the GROVER embedding
feat_4338,float,,Feature 4338 of the GROVER embedding
feat_4339,float,,Feature 4339 of the GROVER embedding
feat_4340,float,,Feature 4340 of the GROVER embedding
feat_4341,float,,Feature 4341 of the GROVER embedding
feat_4342,float,,Feature 4342 of the GROVER embedding
feat_4343,float,,Feature 4343 of the GROVER embedding
feat_4344,float,,Feature 4344 of the GROVER embedding
feat_4345,float,,Feature 4345 of the GROVER embedding
feat_4346,float,,Feature 4346 of the GROVER embedding
feat_4347,float,,Feature 4347 of the GROVER embedding
feat_4348,float,,Feature 4348 of the GROVER embedding
feat_4349,float,,Feature 4349 of the GROVER embedding
feat_4350,float,,Feature 4350 of the GROVER embedding
feat_4351,float,,Feature 4351 of the GROVER embedding
feat_4352,float,,Feature 4352 of the GROVER embedding
feat_4353,float,,Feature 4353 of the GROVER embedding
feat_4354,float,,Feature 4354 of the GROVER embedding
feat_4355,float,,Feature 4355 of the GROVER embedding
feat_4356,float,,Feature 4356 of the GROVER embedding
feat_4357,float,,Feature 4357 of the GROVER embedding
feat_4358,float,,Feature 4358 of the GROVER embedding
feat_4359,float,,Feature 4359 of the GROVER embedding
feat_4360,float,,Feature 4360 of the GROVER embedding
feat_4361,float,,Feature 4361 of the GROVER embedding
feat_4362,float,,Feature 4362 of the GROVER embedding
feat_4363,float,,Feature 4363 of the GROVER embedding
feat_4364,float,,Feature 4364 of the GROVER embedding
feat_4365,float,,Feature 4365 of the GROVER embedding
feat_4366,float,,Feature 4366 of the GROVER embedding
feat_4367,float,,Feature 4367 of the GROVER embedding
feat_4368,float,,Feature 4368 of the GROVER embedding
feat_4369,float,,Feature 4369 of the GROVER embedding
feat_4370,float,,Feature 4370 of the GROVER embedding
feat_4371,float,,Feature 4371 of the GROVER embedding
feat_4372,float,,Feature 4372 of the GROVER embedding
feat_4373,float,,Feature 4373 of the GROVER embedding
feat_4374,float,,Feature 4374 of the GROVER embedding
feat_4375,float,,Feature 4375 of the GROVER embedding
feat_4376,float,,Feature 4376 of the GROVER embedding
feat_4377,float,,Feature 4377 of the GROVER embedding
feat_4378,float,,Feature 4378 of the GROVER embedding
feat_4379,float,,Feature 4379 of the GROVER embedding
feat_4380,float,,Feature 4380 of the GROVER embedding
feat_4381,float,,Feature 4381 of the GROVER embedding
feat_4382,float,,Feature 4382 of the GROVER embedding
feat_4383,float,,Feature 4383 of the GROVER embedding
feat_4384,float,,Feature 4384 of the GROVER embedding
feat_4385,float,,Feature 4385 of the GROVER embedding
feat_4386,float,,Feature 4386 of the GROVER embedding
feat_4387,float,,Feature 4387 of the GROVER embedding
feat_4388,float,,Feature 4388 of the GROVER embedding
feat_4389,float,,Feature 4389 of the GROVER embedding
feat_4390,float,,Feature 4390 of the GROVER embedding
feat_4391,float,,Feature 4391 of the GROVER embedding
feat_4392,float,,Feature 4392 of the GROVER embedding
feat_4393,float,,Feature 4393 of the GROVER embedding
feat_4394,float,,Feature 4394 of the GROVER embedding
feat_4395,float,,Feature 4395 of the GROVER embedding
feat_4396,float,,Feature 4396 of the GROVER embedding
feat_4397,float,,Feature 4397 of the GROVER embedding
feat_4398,float,,Feature 4398 of the GROVER embedding
feat_4399,float,,Feature 4399 of the GROVER embedding
feat_4400,float,,Feature 4400 of the GROVER embedding
feat_4401,float,,Feature 4401 of the GROVER embedding
feat_4402,float,,Feature 4402 of the GROVER embedding
feat_4403,float,,Feature 4403 of the GROVER embedding
feat_4404,float,,Feature 4404 of the GROVER embedding
feat_4405,float,,Feature 4405 of the GROVER embedding
feat_4406,float,,Feature 4406 of the GROVER embedding
feat_4407,float,,Feature 4407 of the GROVER embedding
feat_4408,float,,Feature 4408 of the GROVER embedding
feat_4409,float,,Feature 4409 of the GROVER embedding
feat_4410,float,,Feature 4410 of the GROVER embedding
feat_4411,float,,Feature 4411 of the GROVER embedding
feat_4412,float,,Feature 4412 of the GROVER embedding
feat_4413,float,,Feature 4413 of the GROVER embedding
feat_4414,float,,Feature 4414 of the GROVER embedding
feat_4415,float,,Feature 4415 of the GROVER embedding
feat_4416,float,,Feature 4416 of the GROVER embedding
feat_4417,float,,Feature 4417 of the GROVER embedding
feat_4418,float,,Feature 4418 of the GROVER embedding
feat_4419,float,,Feature 4419 of the GROVER embedding
feat_4420,float,,Feature 4420 of the GROVER embedding
feat_4421,float,,Feature 4421 of the GROVER embedding
feat_4422,float,,Feature 4422 of the GROVER embedding
feat_4423,float,,Feature 4423 of the GROVER embedding
feat_4424,float,,Feature 4424 of the GROVER embedding
feat_4425,float,,Feature 4425 of the GROVER embedding
feat_4426,float,,Feature 4426 of the GROVER embedding
feat_4427,float,,Feature 4427 of the GROVER embedding
feat_4428,float,,Feature 4428 of the GROVER embedding
feat_4429,float,,Feature 4429 of the GROVER embedding
feat_4430,float,,Feature 4430 of the GROVER embedding
feat_4431,float,,Feature 4431 of the GROVER embedding
feat_4432,float,,Feature 4432 of the GROVER embedding
feat_4433,float,,Feature 4433 of the GROVER embedding
feat_4434,float,,Feature 4434 of the GROVER embedding
feat_4435,float,,Feature 4435 of the GROVER embedding
feat_4436,float,,Feature 4436 of the GROVER embedding
feat_4437,float,,Feature 4437 of the GROVER embedding
feat_4438,float,,Feature 4438 of the GROVER embedding
feat_4439,float,,Feature 4439 of the GROVER embedding
feat_4440,float,,Feature 4440 of the GROVER embedding
feat_4441,float,,Feature 4441 of the GROVER embedding
feat_4442,float,,Feature 4442 of the GROVER embedding
feat_4443,float,,Feature 4443 of the GROVER embedding
feat_4444,float,,Feature 4444 of the GROVER embedding
feat_4445,float,,Feature 4445 of the GROVER embedding
feat_4446,float,,Feature 4446 of the GROVER embedding
feat_4447,float,,Feature 4447 of the GROVER embedding
feat_4448,float,,Feature 4448 of the GROVER embedding
feat_4449,float,,Feature 4449 of the GROVER embedding
feat_4450,float,,Feature 4450 of the GROVER embedding
feat_4451,float,,Feature 4451 of the GROVER embedding
feat_4452,float,,Feature 4452 of the GROVER embedding
feat_4453,float,,Feature 4453 of the GROVER embedding
feat_4454,float,,Feature 4454 of the GROVER embedding
feat_4455,float,,Feature 4455 of the GROVER embedding
feat_4456,float,,Feature 4456 of the GROVER embedding
feat_4457,float,,Feature 4457 of the GROVER embedding
feat_4458,float,,Feature 4458 of the GROVER embedding
feat_4459,float,,Feature 4459 of the GROVER embedding
feat_4460,float,,Feature 4460 of the GROVER embedding
feat_4461,float,,Feature 4461 of the GROVER embedding
feat_4462,float,,Feature 4462 of the GROVER embedding
feat_4463,float,,Feature 4463 of the GROVER embedding
feat_4464,float,,Feature 4464 of the GROVER embedding
feat_4465,float,,Feature 4465 of the GROVER embedding
feat_4466,float,,Feature 4466 of the GROVER embedding
feat_4467,float,,Feature 4467 of the GROVER embedding
feat_4468,float,,Feature 4468 of the GROVER embedding
feat_4469,float,,Feature 4469 of the GROVER embedding
feat_4470,float,,Feature 4470 of the GROVER embedding
feat_4471,float,,Feature 4471 of the GROVER embedding
feat_4472,float,,Feature 4472 of the GROVER embedding
feat_4473,float,,Feature 4473 of the GROVER embedding
feat_4474,float,,Feature 4474 of the GROVER embedding
feat_4475,float,,Feature 4475 of the GROVER embedding
feat_4476,float,,Feature 4476 of the GROVER embedding
feat_4477,float,,Feature 4477 of the GROVER embedding
feat_4478,float,,Feature 4478 of the GROVER embedding
feat_4479,float,,Feature 4479 of the GROVER embedding
feat_4480,float,,Feature 4480 of the GROVER embedding
feat_4481,float,,Feature 4481 of the GROVER embedding
feat_4482,float,,Feature 4482 of the GROVER embedding
feat_4483,float,,Feature 4483 of the GROVER embedding
feat_4484,float,,Feature 4484 of the GROVER embedding
feat_4485,float,,Feature 4485 of the GROVER embedding
feat_4486,float,,Feature 4486 of the GROVER embedding
feat_4487,float,,Feature 4487 of the GROVER embedding
feat_4488,float,,Feature 4488 of the GROVER embedding
feat_4489,float,,Feature 4489 of the GROVER embedding
feat_4490,float,,Feature 4490 of the GROVER embedding
feat_4491,float,,Feature 4491 of the GROVER embedding
feat_4492,float,,Feature 4492 of the GROVER embedding
feat_4493,float,,Feature 4493 of the GROVER embedding
feat_4494,float,,Feature 4494 of the GROVER embedding
feat_4495,float,,Feature 4495 of the GROVER embedding
feat_4496,float,,Feature 4496 of the GROVER embedding
feat_4497,float,,Feature 4497 of the GROVER embedding
feat_4498,float,,Feature 4498 of the GROVER embedding
feat_4499,float,,Feature 4499 of the GROVER embedding
feat_4500,float,,Feature 4500 of the GROVER embedding
feat_4501,float,,Feature 4501 of the GROVER embedding
feat_4502,float,,Feature 4502 of the GROVER embedding
feat_4503,float,,Feature 4503 of the GROVER embedding
feat_4504,float,,Feature 4504 of the GROVER embedding
feat_4505,float,,Feature 4505 of the GROVER embedding
feat_4506,float,,Feature 4506 of the GROVER embedding
feat_4507,float,,Feature 4507 of the GROVER embedding
feat_4508,float,,Feature 4508 of the GROVER embedding
feat_4509,float,,Feature 4509 of the GROVER embedding
feat_4510,float,,Feature 4510 of the GROVER embedding
feat_4511,float,,Feature 4511 of the GROVER embedding
feat_4512,float,,Feature 4512 of the GROVER embedding
feat_4513,float,,Feature 4513 of the GROVER embedding
feat_4514,float,,Feature 4514 of the GROVER embedding
feat_4515,float,,Feature 4515 of the GROVER embedding
feat_4516,float,,Feature 4516 of the GROVER embedding
feat_4517,float,,Feature 4517 of the GROVER embedding
feat_4518,float,,Feature 4518 of the GROVER embedding
feat_4519,float,,Feature 4519 of the GROVER embedding
feat_4520,float,,Feature 4520 of the GROVER embedding
feat_4521,float,,Feature 4521 of the GROVER embedding
feat_4522,float,,Feature 4522 of the GROVER embedding
feat_4523,float,,Feature 4523 of the GROVER embedding
feat_4524,float,,Feature 4524 of the GROVER embedding
feat_4525,float,,Feature 4525 of the GROVER embedding
feat_4526,float,,Feature 4526 of the GROVER embedding
feat_4527,float,,Feature 4527 of the GROVER embedding
feat_4528,float,,Feature 4528 of the GROVER embedding
feat_4529,float,,Feature 4529 of the GROVER embedding
feat_4530,float,,Feature 4530 of the GROVER embedding
feat_4531,float,,Feature 4531 of the GROVER embedding
feat_4532,float,,Feature 4532 of the GROVER embedding
feat_4533,float,,Feature 4533 of the GROVER embedding
feat_4534,float,,Feature 4534 of the GROVER embedding
feat_4535,float,,Feature 4535 of the GROVER embedding
feat_4536,float,,Feature 4536 of the GROVER embedding
feat_4537,float,,Feature 4537 of the GROVER embedding
feat_4538,float,,Feature 4538 of the GROVER embedding
feat_4539,float,,Feature 4539 of the GROVER embedding
feat_4540,float,,Feature 4540 of the GROVER embedding
feat_4541,float,,Feature 4541 of the GROVER embedding
feat_4542,float,,Feature 4542 of the GROVER embedding
feat_4543,float,,Feature 4543 of the GROVER embedding
feat_4544,float,,Feature 4544 of the GROVER embedding
feat_4545,float,,Feature 4545 of the GROVER embedding
feat_4546,float,,Feature 4546 of the GROVER embedding
feat_4547,float,,Feature 4547 of the GROVER embedding
feat_4548,float,,Feature 4548 of the GROVER embedding
feat_4549,float,,Feature 4549 of the GROVER embedding
feat_4550,float,,Feature 4550 of the GROVER embedding
feat_4551,float,,Feature 4551 of the GROVER embedding
feat_4552,float,,Feature 4552 of the GROVER embedding
feat_4553,float,,Feature 4553 of the GROVER embedding
feat_4554,float,,Feature 4554 of the GROVER embedding
feat_4555,float,,Feature 4555 of the GROVER embedding
feat_4556,float,,Feature 4556 of the GROVER embedding
feat_4557,float,,Feature 4557 of the GROVER embedding
feat_4558,float,,Feature 4558 of the GROVER embedding
feat_4559,float,,Feature 4559 of the GROVER embedding
feat_4560,float,,Feature 4560 of the GROVER embedding
feat_4561,float,,Feature 4561 of the GROVER embedding
feat_4562,float,,Feature 4562 of the GROVER embedding
feat_4563,float,,Feature 4563 of the GROVER embedding
feat_4564,float,,Feature 4564 of the GROVER embedding
feat_4565,float,,Feature 4565 of the GROVER embedding
feat_4566,float,,Feature 4566 of the GROVER embedding
feat_4567,float,,Feature 4567 of the GROVER embedding
feat_4568,float,,Feature 4568 of the GROVER embedding
feat_4569,float,,Feature 4569 of the GROVER embedding
feat_4570,float,,Feature 4570 of the GROVER embedding
feat_4571,float,,Feature 4571 of the GROVER embedding
feat_4572,float,,Feature 4572 of the GROVER embedding
feat_4573,float,,Feature 4573 of the GROVER embedding
feat_4574,float,,Feature 4574 of the GROVER embedding
feat_4575,float,,Feature 4575 of the GROVER embedding
feat_4576,float,,Feature 4576 of the GROVER embedding
feat_4577,float,,Feature 4577 of the GROVER embedding
feat_4578,float,,Feature 4578 of the GROVER embedding
feat_4579,float,,Feature 4579 of the GROVER embedding
feat_4580,float,,Feature 4580 of the GROVER embedding
feat_4581,float,,Feature 4581 of the GROVER embedding
feat_4582,float,,Feature 4582 of the GROVER embedding
feat_4583,float,,Feature 4583 of the GROVER embedding
feat_4584,float,,Feature 4584 of the GROVER embedding
feat_4585,float,,Feature 4585 of the GROVER embedding
feat_4586,float,,Feature 4586 of the GROVER embedding
feat_4587,float,,Feature 4587 of the GROVER embedding
feat_4588,float,,Feature 4588 of the GROVER embedding
feat_4589,float,,Feature 4589 of the GROVER embedding
feat_4590,float,,Feature 4590 of the GROVER embedding
feat_4591,float,,Feature 4591 of the GROVER embedding
feat_4592,float,,Feature 4592 of the GROVER embedding
feat_4593,float,,Feature 4593 of the GROVER embedding
feat_4594,float,,Feature 4594 of the GROVER embedding
feat_4595,float,,Feature 4595 of the GROVER embedding
feat_4596,float,,Feature 4596 of the GROVER embedding
feat_4597,float,,Feature 4597 of the GROVER embedding
feat_4598,float,,Feature 4598 of the GROVER embedding
feat_4599,float,,Feature 4599 of the GROVER embedding
feat_4600,float,,Feature 4600 of the GROVER embedding
feat_4601,float,,Feature 4601 of the GROVER embedding
feat_4602,float,,Feature 4602 of the GROVER embedding
feat_4603,float,,Feature 4603 of the GROVER embedding
feat_4604,float,,Feature 4604 of the GROVER embedding
feat_4605,float,,Feature 4605 of the GROVER embedding
feat_4606,float,,Feature 4606 of the GROVER embedding
feat_4607,float,,Feature 4607 of the GROVER embedding
feat_4608,float,,Feature 4608 of the GROVER embedding
feat_4609,float,,Feature 4609 of the GROVER embedding
feat_4610,float,,Feature 4610 of the GROVER embedding
feat_4611,float,,Feature 4611 of the GROVER embedding
feat_4612,float,,Feature 4612 of the GROVER embedding
feat_4613,float,,Feature 4613 of the GROVER embedding
feat_4614,float,,Feature 4614 of the GROVER embedding
feat_4615,float,,Feature 4615 of the GROVER embedding
feat_4616,float,,Feature 4616 of the GROVER embedding
feat_4617,float,,Feature 4617 of the GROVER embedding
feat_4618,float,,Feature 4618 of the GROVER embedding
feat_4619,float,,Feature 4619 of the GROVER embedding
feat_4620,float,,Feature 4620 of the GROVER embedding
feat_4621,float,,Feature 4621 of the GROVER embedding
feat_4622,float,,Feature 4622 of the GROVER embedding
feat_4623,float,,Feature 4623 of the GROVER embedding
feat_4624,float,,Feature 4624 of the GROVER embedding
feat_4625,float,,Feature 4625 of the GROVER embedding
feat_4626,float,,Feature 4626 of the GROVER embedding
feat_4627,float,,Feature 4627 of the GROVER embedding
feat_4628,float,,Feature 4628 of the GROVER embedding
feat_4629,float,,Feature 4629 of the GROVER embedding
feat_4630,float,,Feature 4630 of the GROVER embedding
feat_4631,float,,Feature 4631 of the GROVER embedding
feat_4632,float,,Feature 4632 of the GROVER embedding
feat_4633,float,,Feature 4633 of the GROVER embedding
feat_4634,float,,Feature 4634 of the GROVER embedding
feat_4635,float,,Feature 4635 of the GROVER embedding
feat_4636,float,,Feature 4636 of the GROVER embedding
feat_4637,float,,Feature 4637 of the GROVER embedding
feat_4638,float,,Feature 4638 of the GROVER embedding
feat_4639,float,,Feature 4639 of the GROVER embedding
feat_4640,float,,Feature 4640 of the GROVER embedding
feat_4641,float,,Feature 4641 of the GROVER embedding
feat_4642,float,,Feature 4642 of the GROVER embedding
feat_4643,float,,Feature 4643 of the GROVER embedding
feat_4644,float,,Feature 4644 of the GROVER embedding
feat_4645,float,,Feature 4645 of the GROVER embedding
feat_4646,float,,Feature 4646 of the GROVER embedding
feat_4647,float,,Feature 4647 of the GROVER embedding
feat_4648,float,,Feature 4648 of the GROVER embedding
feat_4649,float,,Feature 4649 of the GROVER embedding
feat_4650,float,,Feature 4650 of the GROVER embedding
feat_4651,float,,Feature 4651 of the GROVER embedding
feat_4652,float,,Feature 4652 of the GROVER embedding
feat_4653,float,,Feature 4653 of the GROVER embedding
feat_4654,float,,Feature 4654 of the GROVER embedding
feat_4655,float,,Feature 4655 of the GROVER embedding
feat_4656,float,,Feature 4656 of the GROVER embedding
feat_4657,float,,Feature 4657 of the GROVER embedding
feat_4658,float,,Feature 4658 of the GROVER embedding
feat_4659,float,,Feature 4659 of the GROVER embedding
feat_4660,float,,Feature 4660 of the GROVER embedding
feat_4661,float,,Feature 4661 of the GROVER embedding
feat_4662,float,,Feature 4662 of the GROVER embedding
feat_4663,float,,Feature 4663 of the GROVER embedding
feat_4664,float,,Feature 4664 of the GROVER embedding
feat_4665,float,,Feature 4665 of the GROVER embedding
feat_4666,float,,Feature 4666 of the GROVER embedding
feat_4667,float,,Feature 4667 of the GROVER embedding
feat_4668,float,,Feature 4668 of the GROVER embedding
feat_4669,float,,Feature 4669 of the GROVER embedding
feat_4670,float,,Feature 4670 of the GROVER embedding
feat_4671,float,,Feature 4671 of the GROVER embedding
feat_4672,float,,Feature 4672 of the GROVER embedding
feat_4673,float,,Feature 4673 of the GROVER embedding
feat_4674,float,,Feature 4674 of the GROVER embedding
feat_4675,float,,Feature 4675 of the GROVER embedding
feat_4676,float,,Feature 4676 of the GROVER embedding
feat_4677,float,,Feature 4677 of the GROVER embedding
feat_4678,float,,Feature 4678 of the GROVER embedding
feat_4679,float,,Feature 4679 of the GROVER embedding
feat_4680,float,,Feature 4680 of the GROVER embedding
feat_4681,float,,Feature 4681 of the GROVER embedding
feat_4682,float,,Feature 4682 of the GROVER embedding
feat_4683,float,,Feature 4683 of the GROVER embedding
feat_4684,float,,Feature 4684 of the GROVER embedding
feat_4685,float,,Feature 4685 of the GROVER embedding
feat_4686,float,,Feature 4686 of the GROVER embedding
feat_4687,float,,Feature 4687 of the GROVER embedding
feat_4688,float,,Feature 4688 of the GROVER embedding
feat_4689,float,,Feature 4689 of the GROVER embedding
feat_4690,float,,Feature 4690 of the GROVER embedding
feat_4691,float,,Feature 4691 of the GROVER embedding
feat_4692,float,,Feature 4692 of the GROVER embedding
feat_4693,float,,Feature 4693 of the GROVER embedding
feat_4694,float,,Feature 4694 of the GROVER embedding
feat_4695,float,,Feature 4695 of the GROVER embedding
feat_4696,float,,Feature 4696 of the GROVER embedding
feat_4697,float,,Feature 4697 of the GROVER embedding
feat_4698,float,,Feature 4698 of the GROVER embedding
feat_4699,float,,Feature 4699 of the GROVER embedding
feat_4700,float,,Feature 4700 of the GROVER embedding
feat_4701,float,,Feature 4701 of the GROVER embedding
feat_4702,float,,Feature 4702 of the GROVER embedding
feat_4703,float,,Feature 4703 of the GROVER embedding
feat_4704,float,,Feature 4704 of the GROVER embedding
feat_4705,float,,Feature 4705 of the GROVER embedding
feat_4706,float,,Feature 4706 of the GROVER embedding
feat_4707,float,,Feature 4707 of the GROVER embedding
feat_4708,float,,Feature 4708 of the GROVER embedding
feat_4709,float,,Feature 4709 of the GROVER embedding
feat_4710,float,,Feature 4710 of the GROVER embedding
feat_4711,float,,Feature 4711 of the GROVER embedding
feat_4712,float,,Feature 4712 of the GROVER embedding
feat_4713,float,,Feature 4713 of the GROVER embedding
feat_4714,float,,Feature 4714 of the GROVER embedding
feat_4715,float,,Feature 4715 of the GROVER embedding
feat_4716,float,,Feature 4716 of the GROVER embedding
feat_4717,float,,Feature 4717 of the GROVER embedding
feat_4718,float,,Feature 4718 of the GROVER embedding
feat_4719,float,,Feature 4719 of the GROVER embedding
feat_4720,float,,Feature 4720 of the GROVER embedding
feat_4721,float,,Feature 4721 of the GROVER embedding
feat_4722,float,,Feature 4722 of the GROVER embedding
feat_4723,float,,Feature 4723 of the GROVER embedding
feat_4724,float,,Feature 4724 of the GROVER embedding
feat_4725,float,,Feature 4725 of the GROVER embedding
feat_4726,float,,Feature 4726 of the GROVER embedding
feat_4727,float,,Feature 4727 of the GROVER embedding
feat_4728,float,,Feature 4728 of the GROVER embedding
feat_4729,float,,Feature 4729 of the GROVER embedding
feat_4730,float,,Feature 4730 of the GROVER embedding
feat_4731,float,,Feature 4731 of the GROVER embedding
feat_4732,float,,Feature 4732 of the GROVER embedding
feat_4733,float,,Feature 4733 of the GROVER embedding
feat_4734,float,,Feature 4734 of the GROVER embedding
feat_4735,float,,Feature 4735 of the GROVER embedding
feat_4736,float,,Feature 4736 of the GROVER embedding
feat_4737,float,,Feature 4737 of the GROVER embedding
feat_4738,float,,Feature 4738 of the GROVER embedding
feat_4739,float,,Feature 4739 of the GROVER embedding
feat_4740,float,,Feature 4740 of the GROVER embedding
feat_4741,float,,Feature 4741 of the GROVER embedding
feat_4742,float,,Feature 4742 of the GROVER embedding
feat_4743,float,,Feature 4743 of the GROVER embedding
feat_4744,float,,Feature 4744 of the GROVER embedding
feat_4745,float,,Feature 4745 of the GROVER embedding
feat_4746,float,,Feature 4746 of the GROVER embedding
feat_4747,float,,Feature 4747 of the GROVER embedding
feat_4748,float,,Feature 4748 of the GROVER embedding
feat_4749,float,,Feature 4749 of the GROVER embedding
feat_4750,float,,Feature 4750 of the GROVER embedding
feat_4751,float,,Feature 4751 of the GROVER embedding
feat_4752,float,,Feature 4752 of the GROVER embedding
feat_4753,float,,Feature 4753 of the GROVER embedding
feat_4754,float,,Feature 4754 of the GROVER embedding
feat_4755,float,,Feature 4755 of the GROVER embedding
feat_4756,float,,Feature 4756 of the GROVER embedding
feat_4757,float,,Feature 4757 of the GROVER embedding
feat_4758,float,,Feature 4758 of the GROVER embedding
feat_4759,float,,Feature 4759 of the GROVER embedding
feat_4760,float,,Feature 4760 of the GROVER embedding
feat_4761,float,,Feature 4761 of the GROVER embedding
feat_4762,float,,Feature 4762 of the GROVER embedding
feat_4763,float,,Feature 4763 of the GROVER embedding
feat_4764,float,,Feature 4764 of the GROVER embedding
feat_4765,float,,Feature 4765 of the GROVER embedding
feat_4766,float,,Feature 4766 of the GROVER embedding
feat_4767,float,,Feature 4767 of the GROVER embedding
feat_4768,float,,Feature 4768 of the GROVER embedding
feat_4769,float,,Feature 4769 of the GROVER embedding
feat_4770,float,,Feature 4770 of the GROVER embedding
feat_4771,float,,Feature 4771 of the GROVER embedding
feat_4772,float,,Feature 4772 of the GROVER embedding
feat_4773,float,,Feature 4773 of the GROVER embedding
feat_4774,float,,Feature 4774 of the GROVER embedding
feat_4775,float,,Feature 4775 of the GROVER embedding
feat_4776,float,,Feature 4776 of the GROVER embedding
feat_4777,float,,Feature 4777 of the GROVER embedding
feat_4778,float,,Feature 4778 of the GROVER embedding
feat_4779,float,,Feature 4779 of the GROVER embedding
feat_4780,float,,Feature 4780 of the GROVER embedding
feat_4781,float,,Feature 4781 of the GROVER embedding
feat_4782,float,,Feature 4782 of the GROVER embedding
feat_4783,float,,Feature 4783 of the GROVER embedding
feat_4784,float,,Feature 4784 of the GROVER embedding
feat_4785,float,,Feature 4785 of the GROVER embedding
feat_4786,float,,Feature 4786 of the GROVER embedding
feat_4787,float,,Feature 4787 of the GROVER embedding
feat_4788,float,,Feature 4788 of the GROVER embedding
feat_4789,float,,Feature 4789 of the GROVER embedding
feat_4790,float,,Feature 4790 of the GROVER embedding
feat_4791,float,,Feature 4791 of the GROVER embedding
feat_4792,float,,Feature 4792 of the GROVER embedding
feat_4793,float,,Feature 4793 of the GROVER embedding
feat_4794,float,,Feature 4794 of the GROVER embedding
feat_4795,float,,Feature 4795 of the GROVER embedding
feat_4796,float,,Feature 4796 of the GROVER embedding
feat_4797,float,,Feature 4797 of the GROVER embedding
feat_4798,float,,Feature 4798 of the GROVER embedding
feat_4799,float,,Feature 4799 of the GROVER embedding
feat_4800,float,,Feature 4800 of the GROVER embedding
feat_4801,float,,Feature 4801 of the GROVER embedding
feat_4802,float,,Feature 4802 of the GROVER embedding
feat_4803,float,,Feature 4803 of the GROVER embedding
feat_4804,float,,Feature 4804 of the GROVER embedding
feat_4805,float,,Feature 4805 of the GROVER embedding
feat_4806,float,,Feature 4806 of the GROVER embedding
feat_4807,float,,Feature 4807 of the GROVER embedding
feat_4808,float,,Feature 4808 of the GROVER embedding
feat_4809,float,,Feature 4809 of the GROVER embedding
feat_4810,float,,Feature 4810 of the GROVER embedding
feat_4811,float,,Feature 4811 of the GROVER embedding
feat_4812,float,,Feature 4812 of the GROVER embedding
feat_4813,float,,Feature 4813 of the GROVER embedding
feat_4814,float,,Feature 4814 of the GROVER embedding
feat_4815,float,,Feature 4815 of the GROVER embedding
feat_4816,float,,Feature 4816 of the GROVER embedding
feat_4817,float,,Feature 4817 of the GROVER embedding
feat_4818,float,,Feature 4818 of the GROVER embedding
feat_4819,float,,Feature 4819 of the GROVER embedding
feat_4820,float,,Feature 4820 of the GROVER embedding
feat_4821,float,,Feature 4821 of the GROVER embedding
feat_4822,float,,Feature 4822 of the GROVER embedding
feat_4823,float,,Feature 4823 of the GROVER embedding
feat_4824,float,,Feature 4824 of the GROVER embedding
feat_4825,float,,Feature 4825 of the GROVER embedding
feat_4826,float,,Feature 4826 of the GROVER embedding
feat_4827,float,,Feature 4827 of the GROVER embedding
feat_4828,float,,Feature 4828 of the GROVER embedding
feat_4829,float,,Feature 4829 of the GROVER embedding
feat_4830,float,,Feature 4830 of the GROVER embedding
feat_4831,float,,Feature 4831 of the GROVER embedding
feat_4832,float,,Feature 4832 of the GROVER embedding
feat_4833,float,,Feature 4833 of the GROVER embedding
feat_4834,float,,Feature 4834 of the GROVER embedding
feat_4835,float,,Feature 4835 of the GROVER embedding
feat_4836,float,,Feature 4836 of the GROVER embedding
feat_4837,float,,Feature 4837 of the GROVER embedding
feat_4838,float,,Feature 4838 of the GROVER embedding
feat_4839,float,,Feature 4839 of the GROVER embedding
feat_4840,float,,Feature 4840 of the GROVER embedding
feat_4841,float,,Feature 4841 of the GROVER embedding
feat_4842,float,,Feature 4842 of the GROVER embedding
feat_4843,float,,Feature 4843 of the GROVER embedding
feat_4844,float,,Feature 4844 of the GROVER embedding
feat_4845,float,,Feature 4845 of the GROVER embedding
feat_4846,float,,Feature 4846 of the GROVER embedding
feat_4847,float,,Feature 4847 of the GROVER embedding
feat_4848,float,,Feature 4848 of the GROVER embedding
feat_4849,float,,Feature 4849 of the GROVER embedding
feat_4850,float,,Feature 4850 of the GROVER embedding
feat_4851,float,,Feature 4851 of the GROVER embedding
feat_4852,float,,Feature 4852 of the GROVER embedding
feat_4853,float,,Feature 4853 of the GROVER embedding
feat_4854,float,,Feature 4854 of the GROVER embedding
feat_4855,float,,Feature 4855 of the GROVER embedding
feat_4856,float,,Feature 4856 of the GROVER embedding
feat_4857,float,,Feature 4857 of the GROVER embedding
feat_4858,float,,Feature 4858 of the GROVER embedding
feat_4859,float,,Feature 4859 of the GROVER embedding
feat_4860,float,,Feature 4860 of the GROVER embedding
feat_4861,float,,Feature 4861 of the GROVER embedding
feat_4862,float,,Feature 4862 of the GROVER embedding
feat_4863,float,,Feature 4863 of the GROVER embedding
feat_4864,float,,Feature 4864 of the GROVER embedding
feat_4865,float,,Feature 4865 of the GROVER embedding
feat_4866,float,,Feature 4866 of the GROVER embedding
feat_4867,float,,Feature 4867 of the GROVER embedding
feat_4868,float,,Feature 4868 of the GROVER embedding
feat_4869,float,,Feature 4869 of the GROVER embedding
feat_4870,float,,Feature 4870 of the GROVER embedding
feat_4871,float,,Feature 4871 of the GROVER embedding
feat_4872,float,,Feature 4872 of the GROVER embedding
feat_4873,float,,Feature 4873 of the GROVER embedding
feat_4874,float,,Feature 4874 of the GROVER embedding
feat_4875,float,,Feature 4875 of the GROVER embedding
feat_4876,float,,Feature 4876 of the GROVER embedding
feat_4877,float,,Feature 4877 of the GROVER embedding
feat_4878,float,,Feature 4878 of the GROVER embedding
feat_4879,float,,Feature 4879 of the GROVER embedding
feat_4880,float,,Feature 4880 of the GROVER embedding
feat_4881,float,,Feature 4881 of the GROVER embedding
feat_4882,float,,Feature 4882 of the GROVER embedding
feat_4883,float,,Feature 4883 of the GROVER embedding
feat_4884,float,,Feature 4884 of the GROVER embedding
feat_4885,float,,Feature 4885 of the GROVER embedding
feat_4886,float,,Feature 4886 of the GROVER embedding
feat_4887,float,,Feature 4887 of the GROVER embedding
feat_4888,float,,Feature 4888 of the GROVER embedding
feat_4889,float,,Feature 4889 of the GROVER embedding
feat_4890,float,,Feature 4890 of the GROVER embedding
feat_4891,float,,Feature 4891 of the GROVER embedding
feat_4892,float,,Feature 4892 of the GROVER embedding
feat_4893,float,,Feature 4893 of the GROVER embedding
feat_4894,float,,Feature 4894 of the GROVER embedding
feat_4895,float,,Feature 4895 of the GROVER embedding
feat_4896,float,,Feature 4896 of the GROVER embedding
feat_4897,float,,Feature 4897 of the GROVER embedding
feat_4898,float,,Feature 4898 of the GROVER embedding
feat_4899,float,,Feature 4899 of the GROVER embedding
feat_4900,float,,Feature 4900 of the GROVER embedding
feat_4901,float,,Feature 4901 of the GROVER embedding
feat_4902,float,,Feature 4902 of the GROVER embedding
feat_4903,float,,Feature 4903 of the GROVER embedding
feat_4904,float,,Feature 4904 of the GROVER embedding
feat_4905,float,,Feature 4905 of the GROVER embedding
feat_4906,float,,Feature 4906 of the GROVER embedding
feat_4907,float,,Feature 4907 of the GROVER embedding
feat_4908,float,,Feature 4908 of the GROVER embedding
feat_4909,float,,Feature 4909 of the GROVER embedding
feat_4910,float,,Feature 4910 of the GROVER embedding
feat_4911,float,,Feature 4911 of the GROVER embedding
feat_4912,float,,Feature 4912 of the GROVER embedding
feat_4913,float,,Feature 4913 of the GROVER embedding
feat_4914,float,,Feature 4914 of the GROVER embedding
feat_4915,float,,Feature 4915 of the GROVER embedding
feat_4916,float,,Feature 4916 of the GROVER embedding
feat_4917,float,,Feature 4917 of the GROVER embedding
feat_4918,float,,Feature 4918 of the GROVER embedding
feat_4919,float,,Feature 4919 of the GROVER embedding
feat_4920,float,,Feature 4920 of the GROVER embedding
feat_4921,float,,Feature 4921 of the GROVER embedding
feat_4922,float,,Feature 4922 of the GROVER embedding
feat_4923,float,,Feature 4923 of the GROVER embedding
feat_4924,float,,Feature 4924 of the GROVER embedding
feat_4925,float,,Feature 4925 of the GROVER embedding
feat_4926,float,,Feature 4926 of the GROVER embedding
feat_4927,float,,Feature 4927 of the GROVER embedding
feat_4928,float,,Feature 4928 of the GROVER embedding
feat_4929,float,,Feature 4929 of the GROVER embedding
feat_4930,float,,Feature 4930 of the GROVER embedding
feat_4931,float,,Feature 4931 of the GROVER embedding
feat_4932,float,,Feature 4932 of the GROVER embedding
feat_4933,float,,Feature 4933 of the GROVER embedding
feat_4934,float,,Feature 4934 of the GROVER embedding
feat_4935,float,,Feature 4935 of the GROVER embedding
feat_4936,float,,Feature 4936 of the GROVER embedding
feat_4937,float,,Feature 4937 of the GROVER embedding
feat_4938,float,,Feature 4938 of the GROVER embedding
feat_4939,float,,Feature 4939 of the GROVER embedding
feat_4940,float,,Feature 4940 of the GROVER embedding
feat_4941,float,,Feature 4941 of the GROVER embedding
feat_4942,float,,Feature 4942 of the GROVER embedding
feat_4943,float,,Feature 4943 of the GROVER embedding
feat_4944,float,,Feature 4944 of the GROVER embedding
feat_4945,float,,Feature 4945 of the GROVER embedding
feat_4946,float,,Feature 4946 of the GROVER embedding
feat_4947,float,,Feature 4947 of the GROVER embedding
feat_4948,float,,Feature 4948 of the GROVER embedding
feat_4949,float,,Feature 4949 of the GROVER embedding
feat_4950,float,,Feature 4950 of the GROVER embedding
feat_4951,float,,Feature 4951 of the GROVER embedding
feat_4952,float,,Feature 4952 of the GROVER embedding
feat_4953,float,,Feature 4953 of the GROVER embedding
feat_4954,float,,Feature 4954 of the GROVER embedding
feat_4955,float,,Feature 4955 of the GROVER embedding
feat_4956,float,,Feature 4956 of the GROVER embedding
feat_4957,float,,Feature 4957 of the GROVER embedding
feat_4958,float,,Feature 4958 of the GROVER embedding
feat_4959,float,,Feature 4959 of the GROVER embedding
feat_4960,float,,Feature 4960 of the GROVER embedding
feat_4961,float,,Feature 4961 of the GROVER embedding
feat_4962,float,,Feature 4962 of the GROVER embedding
feat_4963,float,,Feature 4963 of the GROVER embedding
feat_4964,float,,Feature 4964 of the GROVER embedding
feat_4965,float,,Feature 4965 of the GROVER embedding
feat_4966,float,,Feature 4966 of the GROVER embedding
feat_4967,float,,Feature 4967 of the GROVER embedding
feat_4968,float,,Feature 4968 of the GROVER embedding
feat_4969,float,,Feature 4969 of the GROVER embedding
feat_4970,float,,Feature 4970 of the GROVER embedding
feat_4971,float,,Feature 4971 of the GROVER embedding
feat_4972,float,,Feature 4972 of the GROVER embedding
feat_4973,float,,Feature 4973 of the GROVER embedding
feat_4974,float,,Feature 4974 of the GROVER embedding
feat_4975,float,,Feature 4975 of the GROVER embedding
feat_4976,float,,Feature 4976 of the GROVER embedding
feat_4977,float,,Feature 4977 of the GROVER embedding
feat_4978,float,,Feature 4978 of the GROVER embedding
feat_4979,float,,Feature 4979 of the GROVER embedding
feat_4980,float,,Feature 4980 of the GROVER embedding
feat_4981,float,,Feature 4981 of the GROVER embedding
feat_4982,float,,Feature 4982 of the GROVER embedding
feat_4983,float,,Feature 4983 of the GROVER embedding
feat_4984,float,,Feature 4984 of the GROVER embedding
feat_4985,float,,Feature 4985 of the GROVER embedding
feat_4986,float,,Feature 4986 of the GROVER embedding
feat_4987,float,,Feature 4987 of the GROVER embedding
feat_4988,float,,Feature 4988 of the GROVER embedding
feat_4989,float,,Feature 4989 of the GROVER embedding
feat_4990,float,,Feature 4990 of the GROVER embedding
feat_4991,float,,Feature 4991 of the GROVER embedding
feat_4992,float,,Feature 4992 of the GROVER embedding
feat_4993,float,,Feature 4993 of the GROVER embedding
feat_4994,float,,Feature 4994 of the GROVER embedding
feat_4995,float,,Feature 4995 of the GROVER embedding
feat_4996,float,,Feature 4996 of the GROVER embedding
feat_4997,float,,Feature 4997 of the GROVER embedding
feat_4998,float,,Feature 4998 of the GROVER embedding
feat_4999,float,,Feature 4999 of the GROVER embedding
